replicate,mean_injuries,injury_rate,rush_mean_injury_difference,rush_injury_rate_difference,borough_injury_rate_manhattan,borough_injury_rate_bronx,borough_injury_rate_brooklyn,borough_injury_rate_queens,borough_injury_rate_staten_island
1,0.3311475717408231,0.2440360603758009,-0.02561162084429075,-0.007943385228050132,0.19335535747678115,0.2623322451940515,0.2627916843445057,0.24471573424809565,0.21114754098360655
2,0.3348155235977823,0.24611863150686217,-0.025317499915827324,-0.009630251441858695,0.1973954763536669,0.25469021689393245,0.2658040509112436,0.2470416435872904,0.2146103896103896
3,0.3318323811668027,0.24626872672351524,-0.022853133551565152,-0.004640852614761715,0.19607722198235983,0.26193478652495045,0.2609568560444255,0.2502783119117498,0.23256568277651637
4,0.33283614292817004,0.24590286963292338,-0.030989323174432593,-0.01063792772809638,0.19673357436728586,0.2684931506849315,0.2624445959768155,0.2431580018313155,0.22390019697964544
5,0.33276109531984355,0.24552763159129073,-0.029520644452736,-0.011099991892897537,0.19961324932942423,0.2669166057059254,0.261495962600935,0.24682386672598744,0.21866754617414247
6,0.3307066670419047,0.24365144138312742,-0.021951265262653563,-0.004211971446030138,0.1969023818338887,0.27013298854820833,0.255666480997472,0.23969020317843492,0.22871994801819362
7,0.3338023808853742,0.24592163153500501,-0.03653614133426264,-0.013278711858664694,0.1963464566929134,0.26010512959941995,0.266359680621858,0.2395517867958813,0.2369302949061662
8,0.32982485764406794,0.24433625080910704,-0.019924200543993242,-0.004696086069142541,0.19234636169410582,0.2638582966226138,0.26271222321012744,0.24089705808900655,0.2220039292730845
9,0.33194495257929246,0.2450585840392499,-0.023093604104000243,-0.00862609360882477,0.1999123191582639,0.2609927781332846,0.26267104309646616,0.24393396976929196,0.22099447513812154
10,0.3314290002720476,0.24300415576131107,-0.025576785642686117,-0.007364940068142478,0.19660697455230913,0.26188299817184646,0.2591667372343128,0.2390420468068227,0.22585871678548283
11,0.329871762399272,0.24390472706122945,-0.030886734342287614,-0.010572288996430895,0.19709817222536272,0.26181586376468446,0.2600667596231039,0.24367758186397984,0.22340425531914893
12,0.33795814219645587,0.2477790598410867,-0.024931125781707975,-0.005815427835411113,0.20111145415251622,0.2640787315472936,0.2644712272958751,0.24833591912316702,0.22178086726249585
13,0.3314008574189251,0.24413925083724988,-0.029199253886275478,-0.010684466889521793,0.19900747534392865,0.26601253747615156,0.2584245819539937,0.24153984781738086,0.22148541114058357
14,0.33153219073349655,0.2461373934089438,-0.029472721800851254,-0.01166881066792716,0.19315388397246805,0.2678376410629778,0.2689663951120163,0.244803812227517,0.22829688535453943
15,0.33388680944474153,0.24549010778712746,-0.03172950089802551,-0.01149294359053371,0.19803994082840237,0.2627164995442115,0.268328944014952,0.2395483061480552,0.2289278489548213
16,0.3307535717971088,0.24601544104541317,-0.03034747104479757,-0.012448850092379893,0.20080720273207078,0.2692520775623269,0.26022022528793826,0.24568061520023968,0.22151898734177214
17,0.3327329524667211,0.24514301259861726,-0.030392624607740892,-0.009916822862555769,0.19747899159663865,0.27110345452896906,0.2643347166934869,0.23889525898599132,0.21536939313984169
18,0.333145714312517,0.24526496496214786,-0.02942255122716353,-0.00888617278848089,0.19210786739238,0.26467371491068176,0.266232095376962,0.242089809142915,0.23561910952226195
19,0.3315509526355782,0.24545258398296418,-0.03003312260947938,-0.008993738091763986,0.19448086408191298,0.2635079726651481,0.26649290719535124,0.24828381019191262,0.22602057749751078
20,0.33543466636647623,0.24731001228904587,-0.01928382753147523,-0.006772586718115453,0.19507327720611162,0.2712433118708624,0.27091803980312434,0.24590495449949443,0.20845624385447395
21,0.3309693336710476,0.2452931078152703,-0.020721626531207737,-0.005335716831427362,0.20223533064265756,0.2705604075691412,0.2558257559737788,0.24520126958536953,0.23443708609271524
22,0.3305284289721292,0.24436439366222948,-0.026923044123057682,-0.010337804329730943,0.19602705502406922,0.25999817800856334,0.265158371040724,0.2417834521968979,0.2129535435740929
23,0.3329674762427415,0.243876584208107,-0.026125198138730876,-0.009354766887195137,0.1931938148171148,0.2651243918112549,0.2640297932451522,0.24220671653029466,0.20901502504173622
24,0.3354721901706395,0.24642820289120912,-0.0165092136403584,-0.005796369576637622,0.19353227618928706,0.27102888909140616,0.2666525153895139,0.24712905347296,0.22949756888168557
25,0.33585680916331295,0.2476758693796377,-0.02651529439821393,-0.0089711441552085,0.19697254018890348,0.26698233472955746,0.2664036985197438,0.24309057897922132,0.22446324007807417
26,0.33253595249486395,0.2458465839266785,-0.02271340863033533,-0.007468225282614677,0.19643081563403292,0.2708314443739233,0.26216273635011683,0.24720893141945774,0.2304333221363789
27,0.33324890477396596,0.24555577444441318,-0.027193930404748268,-0.01083873120995546,0.19526036794512006,0.2660148039842822,0.26409395973154365,0.24204048418268742,0.2271523178807947
28,0.3289618101483128,0.24337939380294374,-0.02757001758392258,-0.010127144954637651,0.1943217665615142,0.26113951789627465,0.2640226389592837,0.24248054230479538,0.21785834172541121
29,0.3323483334740476,0.24530248876631114,-0.025084535026755672,-0.00939064160499814,0.18900795888951558,0.2649156061016337,0.2699045599151644,0.24133588555309288,0.21134704711347047
30,0.3348436664509048,0.24762896462443362,-0.023093568937691378,-0.00835650870789964,0.19831382911790613,0.26795479402114475,0.2639354701761834,0.24387688931012122,0.2219545767377839
31,0.3318230002157619,0.24582782202459685,-0.02928591027425337,-0.009042201598759958,0.20278685492323817,0.2634457611668186,0.2628164355679939,0.24361046570360642,0.21512605042016808
32,0.33281738102608843,0.24700044090469891,-0.029312594662480262,-0.009674946826458003,0.2001974821031844,0.25801385681293304,0.26550773796904814,0.2458354366481575,0.22388059701492538
33,0.3311100479366598,0.2451148697454948,-0.027059354839511163,-0.012494377244450877,0.19698667662806624,0.2593140427105482,0.2630776398830954,0.24422892357427894,0.23121387283236994
34,0.3343933808009456,0.24655015525473972,-0.019864275878608062,-0.007960901367113332,0.19992500468720706,0.27207142213003876,0.2620666213460231,0.25258715965035666,0.217613056783407
35,0.33361476186455785,0.24633439338080096,-0.02792921613230681,-0.010181082476492548,0.19303464088740163,0.27308982144475663,0.26334111653576736,0.24152415241524153,0.22693096377306904
36,0.3331269524104354,0.24709425041510708,-0.022676483718402474,-0.005193266822272058,0.1971480166884613,0.2659846547314578,0.2637990102778835,0.24293072106645122,0.22935779816513763
37,0.3340462856124354,0.24388596515914784,-0.024844857128778153,-0.007753802442824864,0.19264568401371143,0.2609134262655906,0.2657197371210515,0.24246193651109563,0.2215984147952444
38,0.33323014287188435,0.2452274411579846,-0.02491465051070213,-0.009129784641158795,0.204287045666356,0.2649455277854069,0.26161379604002555,0.24034421665401165,0.22770029192345118
39,0.3330800476552313,0.24583720297563766,-0.02600659549114981,-0.010433483896298307,0.19852104664391354,0.26798038503450783,0.26371254443880143,0.2448959015980239,0.22677966101694916
40,0.32970290528053736,0.24448634602576008,-0.027240002190050294,-0.00876388617153881,0.20029756369722893,0.26094412853145593,0.2615201496344159,0.24076779686634087,0.2301639344262295
41,0.33402752371035377,0.24615615531102544,-0.025554851264854905,-0.009237202479058931,0.19845312205244295,0.2679227941176471,0.26321389054387606,0.24595485417499002,0.2299342105263158
42,0.33045338136380265,0.24388596515914784,-0.02572842042301693,-0.00862975924903886,0.19361425654353073,0.25730887960777193,0.26471714978929894,0.24201646917051617,0.21584424303457536
43,0.3320387620897007,0.24611863150686217,-0.022211895679627558,-0.005947709813226454,0.20178358349557243,0.26667283322541857,0.2627625716104392,0.24422589777976456,0.22100365569956795
44,0.33495623786339457,0.2464188219401683,-0.022239659106113863,-0.0102002786995255,0.20094828124025205,0.2669429097605893,0.2663404255319149,0.2442082037909939,0.22663387210119465
45,0.33015319093049655,0.24543382208088255,-0.025893918593580756,-0.008151867778172922,0.19591760065118027,0.26985576045280263,0.2569124910295918,0.2447475304618162,0.2294751009421265
46,0.3322357620615578,0.24406420322892336,-0.031047083174430223,-0.011453336154474802,0.19037605145967343,0.25922542930215564,0.26215770093537055,0.2420123744801704,0.22041763341067286
47,0.3358849520164354,0.24626872672351524,-0.03427730283549124,-0.014191304249951409,0.19633426529978254,0.2650790731886723,0.2678079579643205,0.24293614881850176,0.2109806629834254
48,0.3292150958264149,0.24446758412367847,-0.03224497980697705,-0.01195545873992837,0.2011916835699797,0.26528940662540956,0.25685975609756095,0.24170119303149804,0.2211286089238845
49,0.33258285725006803,0.24497415547988255,-0.025365056388361562,-0.007177924249570561,0.19065129323776878,0.267900092506938,0.2640937052329991,0.2463622174110065,0.240772096173383
50,0.33387742849370067,0.24541506017880094,-0.02381235329770026,-0.006397567580766511,0.2004603994276115,0.26892448512585815,0.26332672097243914,0.24621096531380326,0.21787345075016307
51,0.3327329524667211,0.24467396504657643,-0.03300149651519513,-0.014318632956469651,0.19799624295554163,0.27422604872687306,0.2618069380321064,0.24233437217251433,0.21892702432522493
52,0.3348811902550681,0.24663458381410708,-0.028198563537613908,-0.010767260141706592,0.19857408555486672,0.27233115468409586,0.26006244198801787,0.24869634977938226,0.2218954248366013
53,0.33545342826855784,0.24621244101727033,-0.025166132076155423,-0.007883176812444381,0.19706341768197438,0.26434704021690014,0.2632531134298216,0.24792715804466148,0.21736292428198434
54,0.3326485239073537,0.24601544104541317,-0.026679659215942397,-0.008219623321438801,0.20110449242988335,0.2625784732963334,0.2665957899213268,0.2472429210134128,0.23433420365535249
55,0.3327423334177619,0.2458559648777193,-0.032222514001112534,-0.012445598058740653,0.19807968077810337,0.2708333333333333,0.26058590790470576,0.24395705053177955,0.21846553966189858
56,0.3314008574189251,0.24451448887888255,-0.029645109437919814,-0.009586379421428454,0.19892870336165497,0.26507791017415216,0.25710754017305315,0.24429967426710097,0.21079691516709512
57,0.3333427142843742,0.2461373934089438,-0.019630243023075256,-0.010991054155301938,0.19451371571072318,0.2625011468942105,0.2641125614510934,0.2495386303556287,0.22295297599473857
58,0.3324233810823741,0.24502106023508663,-0.02906798403063615,-0.00889405680936109,0.19893406048587012,0.26698494307748805,0.26205986290288247,0.2449652691019939,0.2143318269851517
59,0.3286522387639659,0.24461767934033152,-0.02321112735086389,-0.005939901636539124,0.19367274507404234,0.2632397329186865,0.2640475684858781,0.24458488354314256,0.21465606636709297
60,0.33007814332217,0.2439234889633111,-0.036776936835728746,-0.013081888500510008,0.1971700444883836,0.26714702663261586,0.26283846872082167,0.24063017410064724,0.2090245520902455
61,0.3340087618082721,0.24638129813600504,-0.023675477849036675,-0.008052078046480143,0.20185278548021174,0.26033550279585665,0.2648673762459875,0.24523833518089289,0.22651006711409397
62,0.33534085685606807,0.24672839332451524,-0.034713429757958436,-0.016567803764536676,0.19518251800347652,0.2603468844636138,0.2697039110884873,0.24522309049659693,0.2246740220661986
63,0.33255471439694556,0.24458953648720907,-0.028101483041542696,-0.008605053938511381,0.19231738035264484,0.26566868067454236,0.26034900012737233,0.2425330341560708,0.2173197234112611
64,0.33624142815598645,0.2463719171849642,-0.024820958522125902,-0.00531169366273998,0.19992542415014605,0.2632741326953161,0.2627215430819339,0.24413475035091237,0.21890201528839473
65,0.33105376223041494,0.24437377461327028,-0.028008894443547316,-0.009531726280122638,0.19378473976755936,0.27048138056312443,0.2635642472320027,0.23827259915441917,0.21151271753681392
66,0.3331550952635578,0.2456308220527397,-0.028496003938015435,-0.008849759298804383,0.19744945567651634,0.25868548904574207,0.2656715148422217,0.24353242577987644,0.22722852512155592
67,0.33386804754265986,0.24685034568804584,-0.024258204029200148,-0.00772473695173595,0.20093885264890568,0.2666171555885629,0.2595484279383836,0.2486406829615326,0.2257001647446458
68,0.33169166690119045,0.24555577444441318,-0.02648597587108209,-0.010885656087971624,0.201181201306861,0.26430268689453484,0.2638953365688964,0.24271893327986366,0.21932717678100264
69,0.3323014287188435,0.24594039343708665,-0.019701245912017884,-0.0037268614133395273,0.1998392879218692,0.27039247603544947,0.26041221243479007,0.24100030251083998,0.22429906542056074
70,0.3354252854154354,0.2475539170161071,-0.021392389085099328,-0.005612632077449886,0.19409230000624492,0.2712882096069869,0.26588465298142716,0.2485221921651137,0.22326832548755884
71,0.33408380941659865,0.24677529807971932,-0.030215135695856654,-0.009903496465998779,0.19802602627773935,0.2666909223212661,0.2658777456155287,0.23677721302400484,0.2236842105263158
72,0.32932766723890466,0.24322929858629067,-0.02853956594384932,-0.010808567361424493,0.19866237304929402,0.26062812926718254,0.2545500935533254,0.2484588175846387,0.21040500493908462
73,0.3307629527481496,0.2443174889070254,-0.02934797040220971,-0.00845190085129141,0.19659876658568493,0.2671602230143497,0.2610991424829975,0.23718797758532859,0.2182842000662471
74,0.3324515239354966,0.24561206015065806,-0.02302533711106286,-0.007685154368883618,0.20033659539986287,0.2656518981607321,0.2619687087010274,0.24623601220752797,0.2185648452929559
75,0.33022823853882305,0.24352010806855598,-0.02667997711729586,-0.010023316722740927,0.19370819915779044,0.2613335765757548,0.26123078240760567,0.2426733921815889,0.23471400394477318
76,0.33356785710935377,0.24564958395482134,-0.020801243955205606,-0.005077651271633621,0.19068513759167555,0.2714115599523679,0.26362142345455314,0.245043775787461,0.22131704005431094
77,0.33037833375547615,0.24423306034765804,-0.027971159287871472,-0.007619470496090769,0.20178815348317397,0.2575799465487052,0.26077976817702847,0.2424561932017874,0.21902296991264963
78,0.33126014315331287,0.24309796527171926,-0.02149225729585663,-0.007521222667513039,0.193961517045103,0.2617376242136931,0.2610626956595313,0.24099360104801734,0.22830894862198026
79,0.3351344759331701,0.2475539170161071,-0.03377879246727056,-0.013226702646230826,0.19956372701776254,0.2643277002204262,0.26613831011121053,0.2425630442442241,0.22115384615384615
80,0.3331269524104354,0.24486158406739275,-0.025033105351348894,-0.008427350650929616,0.2015484822416124,0.26265910991359287,0.2659973847386848,0.2425772571197738,0.21699390656736628
81,0.332226381110517,0.24427058415182132,-0.033980870132469865,-0.013609032614488231,0.19400847035376184,0.2678000182798647,0.26025243296077516,0.24458917835671343,0.2268565615462869
82,0.335500333023762,0.24532125066839275,-0.031040480624216327,-0.01234376445753671,0.19401773448232795,0.26699729486023444,0.25776200735014576,0.24752773455147833,0.2173768308921438
83,0.33294871434065987,0.2457340125141887,-0.023546335694695997,-0.006330841191102665,0.19379893912604193,0.26646514610240907,0.2658432021732671,0.2458094900491214,0.2351294611616515
84,0.3330894286062721,0.24610925055582136,-0.027265319254761944,-0.007278569972523824,0.19423282755147012,0.27144663175004513,0.26353866982568963,0.2420937297674187,0.22357854159974302
85,0.3346841902832109,0.24651263145057645,-0.026555878762235807,-0.006784143347972615,0.19702927042376583,0.26836363636363636,0.26291099653452793,0.2471168857329909,0.2176985195154778
86,0.33341776189270067,0.24526496496214786,-0.02846003699118488,-0.011108680224267281,0.19684354417795452,0.2679792937696432,0.2663472139767619,0.2469436437729848,0.2192923898531375
87,0.3334928095010272,0.24533063161943358,-0.02461392216520708,-0.006501427773693641,0.19767441860465115,0.25999817800856334,0.26572447160682455,0.24681448780977225,0.21296607322808195
88,0.33283614292817004,0.24546196493400502,-0.029381573301608066,-0.012914724839216407,0.19044039340976007,0.262249954120022,0.268480340063762,0.2413152610441767,0.21289695398574207
89,0.32932766723890466,0.24255387011135188,-0.02445428070489064,-0.00916002223140841,0.19357424765663542,0.26491369287183614,0.2561288118219868,0.23877664130599083,0.2221498371335505
90,0.33408380941659865,0.24606234580061725,-0.028897629033864558,-0.00870026598719656,0.19825018615040954,0.26473839351510686,0.26471463176235605,0.24482498111306975,0.22442133512244214
91,0.32686985806621077,0.24281653674049475,-0.015146410206613614,-0.0019232957414251073,0.19459893709059448,0.2634294665069566,0.2595157179269329,0.2417925478348439,0.21680672268907564
92,0.3339524761020272,0.24545258398296418,-0.026585152476937768,-0.00790235769243594,0.20370712482295708,0.2647540983606557,0.2627759168599158,0.2450174075382209,0.226521164021164
93,0.3354909520727211,0.24507734594133154,-0.0333543401696601,-0.014598420066442575,0.1914735407113645,0.262957593330917,0.26908906111040526,0.2452667814113597,0.2202439828552588
94,0.3313445717126802,0.24372648899145397,-0.01788172977959035,-0.003973546383833099,0.19723990169512887,0.2609689213893967,0.2643298619930573,0.24111802488960257,0.23094841930116472
95,0.33175733355847614,0.24449572697680091,-0.02618143234213338,-0.008135283532091475,0.1980980610102507,0.2614236300746405,0.26055281765588173,0.23974384630778467,0.2316792638843247
96,0.33817390407039466,0.2476758693796377,-0.029594901317307964,-0.004969266398611588,0.1980191891055401,0.2681218735788995,0.2699088663657269,0.24657741854003537,0.2172503242542153
97,0.3313258098105986,0.2449929173819642,-0.025300448408605014,-0.00879005641986727,0.1978343394112888,0.26537305274665207,0.26646313022092183,0.2390910918962397,0.2298735861610113
98,0.3337179523260068,0.2456871077589846,-0.029614380901898885,-0.010194822208788618,0.19849107526222168,0.2720051132213294,0.2628784310366976,0.24438704549970197,0.2152070604209097
99,0.3289899530014353,0.24321053668420906,-0.02879741088162474,-0.00930796952377766,0.1931853509917304,0.2622995877233165,0.25976266621780847,0.24328816803505768,0.2357262103505843
100,0.3357442377508232,0.24601544104541317,-0.026043452456321003,-0.009680008858850092,0.19796134004599417,0.2652891799649479,0.26463445272590236,0.24234461849418898,0.22727272727272727
101,0.3301250480773741,0.24439253651535192,-0.025130778739798354,-0.009326800353096076,0.19972631709896124,0.2628716461203771,0.2634774058398529,0.2430496418373992,0.22792674950948333
102,0.3290368577566394,0.24384844135498457,-0.028477728675293967,-0.009885092219925007,0.19591811643204032,0.25130650041257907,0.26490431535621844,0.24460865631126527,0.2288605941887039
103,0.32670100094747606,0.2425069653561478,-0.031082040925963506,-0.011388220199880034,0.1913503422526447,0.2605697695518055,0.2618460229689494,0.24571801697724646,0.2275489534098582
104,0.3360913329393334,0.24668148856931116,-0.028553367058300916,-0.009018473060929899,0.1937570656952644,0.26395753249130516,0.2636402206194315,0.24419656315948146,0.2231102231102231
105,0.3324984286907007,0.24639067908704584,-0.03031553181254859,-0.009148368146727703,0.19892572698647898,0.26509451275463386,0.26566140031343977,0.242152466367713,0.2359258054018874
106,0.3330800476552313,0.24599667914333156,-0.025702015929008948,-0.008818074603422127,0.19793322734499205,0.26462621885157095,0.2651603184850441,0.2423936116445972,0.21981320880587057
107,0.3329111905364966,0.24600606009437237,-0.029839966883346114,-0.011739561299409063,0.19686073416296668,0.2707515295406812,0.26388417119565216,0.2448504478971608,0.22490092470277412
108,0.3296560005253333,0.24337001285190293,-0.02965102025795413,-0.00966275061944974,0.19824120603015075,0.25938784833257195,0.26192504258943783,0.245204046041158,0.22429906542056074
109,0.32874604827437404,0.2433512509498213,-0.02824951675023002,-0.009035257433062577,0.197294949745626,0.2610042832406817,0.26039452427514664,0.24270476957134232,0.2204672589667654
110,0.3330800476552313,0.24588410773084174,-0.02523558672129722,-0.008230458343455843,0.20140704769020049,0.26290742569812336,0.2607954303252483,0.2429646844844137,0.24436741767764297
111,0.33045338136380265,0.24349196521543354,-0.03319428070736996,-0.011817765403472846,0.1941669252249457,0.2559664784113682,0.2649757838388988,0.24281892069261446,0.22951952989975805
112,0.3266353342901903,0.24219739397180087,-0.028795500725578294,-0.01169363102839499,0.19393405487037504,0.26115687516972935,0.2612489889745009,0.24213172448466566,0.2085509138381201
113,0.3296090957701292,0.24412048893516824,-0.036993093133542765,-0.013645401162364568,0.1987628092976756,0.26622006056712855,0.26231168502342067,0.24443109576012415,0.20812685827552033
114,0.3357067139466599,0.24518991735382134,-0.023341365694393268,-0.007772474621275616,0.1958403387508562,0.2634418434528164,0.2652148223178864,0.23652815691032253,0.21949623814196925
115,0.33307066670419044,0.24575277441627033,-0.02395717652454854,-0.007470315734036975,0.1962726766144511,0.25975587201775474,0.2645894521772443,0.24465200361554684,0.22358247422680413
116,0.3330988095573129,0.24436439366222948,-0.025500876075628842,-0.007804407330413016,0.18898528857035082,0.26255249224027755,0.2597386064669439,0.248192892887833,0.22679045092838196
117,0.33261100010319045,0.24456139363408663,-0.02659306785589094,-0.00751334475624188,0.1974669328674819,0.2613452914798206,0.2635270115186807,0.24353197306465496,0.20695419592109662
118,0.3317948573626394,0.24503982213716827,-0.027420568195820227,-0.013656552477651934,0.19687172855471397,0.2676637915213801,0.26152542372881354,0.24309029356778333,0.22413793103448276
119,0.33150404788037413,0.2453962982767193,-0.02587829387581453,-0.010206270906172932,0.19667555665819017,0.26152441807393884,0.2599150743099788,0.2466710546301453,0.21048999309868874
120,0.3314383812230884,0.24388596515914784,-0.026104234278189697,-0.010025251096374976,0.19655301144848183,0.2629069976614499,0.26374089205239437,0.24147511997979287,0.21344140493076663
121,0.33389619039578233,0.24441129841743356,-0.03537561962856994,-0.014300677850598714,0.19181665317307092,0.2635953026196929,0.2697219493443813,0.24682139253279517,0.20890302066772656
122,0.3324046191802925,0.243979774669556,-0.021799531279499684,-0.0044457212126089996,0.1942643391521197,0.26476190476190475,0.26006611850470457,0.2397879323403181,0.22455789122455788
123,0.3326485239073537,0.24547134588504582,-0.02753275369362862,-0.010446355115593164,0.19753162604134528,0.26200436522371773,0.26637295602812844,0.2413793103448276,0.22835674616138515
124,0.3335397142562313,0.24657829810786216,-0.029333665779325835,-0.010530529015825685,0.19931207004377735,0.26001294977337897,0.261930952783889,0.248652732309242,0.2210242587601078
125,0.3342245236822109,0.24623120291935197,-0.030831787312980252,-0.00724495159890623,0.19412420974339903,0.2694952053555274,0.2612875900042355,0.23807603105777958,0.21221122112211221
126,0.33448719031135377,0.24521806020694378,-0.03325018826573911,-0.014004404075344978,0.19831677529582992,0.26499174766183753,0.2615061883784351,0.24521878441974568,0.22298400261181847
127,0.3289993339524761,0.24456139363408663,-0.02727584459646204,-0.0114736218325234,0.19699042407660738,0.2631090487238979,0.2655992564741667,0.24223882842670144,0.21895424836601307
128,0.33748909464441507,0.24683158378596423,-0.032434861786035274,-0.010313356048983507,0.20372202299987635,0.27025310713961714,0.26451392739837054,0.24646638634175996,0.22109732201175702
129,0.33279861912400677,0.24473963170386215,-0.02358425735042652,-0.006948873796568528,0.19766926341123567,0.2605349945034811,0.26324046982996224,0.24727016555125045,0.2207136090937796
130,0.3341119522697211,0.24774153603692342,-0.0272155794484914,-0.012332288704118538,0.20260257767262313,0.26332004349401955,0.2677024200776815,0.24447806354009077,0.2328812437975521
131,0.33449657126239457,0.24655953620578056,-0.021013120483137526,-0.004412876417872635,0.2000125164278115,0.2668317739864245,0.26163703483684814,0.24517287831162998,0.23840841828345938
132,0.33152280978245574,0.24546196493400502,-0.025899543332183472,-0.008387595147130333,0.19824964310098692,0.25655121861828845,0.2660255052323857,0.24184494006979215,0.2274344872209641
133,0.33327704762708843,0.24442067936847436,-0.03074479706408323,-0.009768338458363557,0.19410121080409812,0.2568237095757139,0.2607941810800524,0.24936657545353197,0.2211965811965812
134,0.33500314261859865,0.24678467903076015,-0.029801885892448643,-0.01375897333363904,0.19756612442567986,0.26489028213166144,0.26571416494060957,0.24351468658524275,0.22480889506601806
135,0.33084738130751695,0.2442142984455764,-0.023784280481110476,-0.008747079434104799,0.19633749155042093,0.26024186744164246,0.26506379215966985,0.23549022579178663,0.21153846153846154
136,0.33446842840927216,0.247150536121352,-0.03285224848480245,-0.009190374151829106,0.19547021171836534,0.2707152002926651,0.2673187327237933,0.24529349417049412,0.21724818959842002
137,0.33102561937729247,0.24526496496214786,-0.02383416205083244,-0.0074291290317869685,0.1947174062715153,0.259656652360515,0.26440285051944706,0.24595305544314042,0.21656050955414013
138,0.33641028527472117,0.2473850598973724,-0.023210901774257997,-0.008104632163826564,0.20226973477961,0.2639225181598063,0.26056187918318624,0.24439969796123837,0.23151750972762647
139,0.33126014315331287,0.24544320303192338,-0.023500634345982152,-0.009670643391078676,0.20067243633646722,0.26029252437703143,0.26012211492660114,0.24437668699390183,0.2218905472636816
140,0.3322451430125986,0.24521806020694378,-0.030754558524896225,-0.010556642968710672,0.1982261365750791,0.2557290240116863,0.26087324062724543,0.24828655760668367,0.21670047329276537
141,0.329412095798272,0.2437546318445764,-0.02907418639811965,-0.012233372848977325,0.1938172544628973,0.2553552302749018,0.2603272245717459,0.24350486508175342,0.2291596355045562
142,0.33605380913517013,0.2465970600099438,-0.023422652629472462,-0.006670067551143494,0.1971019877391789,0.2631869141701893,0.2630620713015497,0.2418172690763052,0.23160762942779292
143,0.33823018977663954,0.24919558344825,-0.025132180553606,-0.005658091683332339,0.19872469510307683,0.25770642201834865,0.2709180216802168,0.24327074746857985,0.2245174398916356
144,0.3325078096417415,0.24588410773084174,-0.026875148312754227,-0.008963758792630394,0.19835943325876212,0.2670417858131169,0.26071033131760496,0.24064331880354728,0.22860791826309068
145,0.3326954286625578,0.24564020300378053,-0.02799742795705773,-0.007415696995796889,0.20201770130593552,0.26799887944719397,0.2643081894718939,0.24154443268309894,0.22244488977955912
146,0.3296653814763741,0.24363267948104578,-0.023659804234520798,-0.009228285385424723,0.18990489214894013,0.26962949607860814,0.2651480062318413,0.24357740055738536,0.21679946879150067
147,0.33213257160010884,0.24523682210902542,-0.025832343262423396,-0.008533805964058117,0.2011373470144641,0.26565221376844805,0.26251818882136435,0.24047127536377827,0.22457067371202113
148,0.33605380913517013,0.24761958367339282,-0.024324687783387033,-0.012707103099091233,0.19819089207735496,0.2646470160116448,0.26869029929951177,0.24845220717773192,0.2116764514024788
149,0.32974981003574144,0.24453325078096416,-0.025344559276666345,-0.008191358846084296,0.19313438415052023,0.26315305371596764,0.2662859560067682,0.24323914472021432,0.21513002364066194
150,0.32970290528053736,0.24428934605390296,-0.02176103938076862,-0.0067464029263581415,0.19599109131403117,0.2670959550154181,0.2626826255484091,0.24384843757862426,0.221630615640599
151,0.32694490567453727,0.24362329853000497,-0.01817823485669029,-0.0016656534557744074,0.1972768159694412,0.25797477744807124,0.2640209627657326,0.24774980930587337,0.20046775810223855
152,0.33432771414365986,0.24594977438812746,-0.026529822302575057,-0.007054546721086713,0.1982031874961541,0.2690520446096654,0.2624336377150138,0.2474024008877232,0.21219903691813805
153,0.32584733440276176,0.240452537078209,-0.031242340119892964,-0.011650118910199292,0.1936834328633873,0.2531587199114636,0.2578901043631334,0.2378737541528239,0.21914102130537708
154,0.3298905243013537,0.24367958423624986,-0.02512163974045445,-0.008984875970568296,0.1999010390895596,0.2614717015972671,0.26373116055220164,0.23833147716918093,0.22433333333333333
155,0.3301062861752925,0.24262891771967843,-0.0202481792515794,-0.00781978974295161,0.1970139968895801,0.2618061309030654,0.25720658166056476,0.24077185479354413,0.22981770833333334
156,0.3337179523260068,0.2456308220527397,-0.03472526512563828,-0.011681574198179362,0.19970082273747194,0.2566941998729237,0.26409833988087694,0.2466493400601335,0.2175084175084175
157,0.33514385688421094,0.24700044090469891,-0.0286131003960291,-0.009067304324901465,0.19697160090474994,0.2695369030390738,0.26777544999786224,0.24470952285885406,0.21952817824377457
158,0.3344215236540681,0.24626872672351524,-0.02735858406739533,-0.009807818830964071,0.19570464814012503,0.2665449566408033,0.26204986149584486,0.2465326633165829,0.22874756651524983
159,0.33386804754265986,0.24761958367339282,-0.020254903282117875,-0.004793028921057818,0.2012121977397563,0.25944907110826393,0.27126359268313244,0.24549673170001496,0.2211253701875617
160,0.3311100479366598,0.24535877447255602,-0.02855942013204904,-0.00927041675412471,0.19586540849267445,0.2667702430999817,0.2669399257076982,0.24287509424478512,0.22031094938802515
161,0.3325078096417415,0.2447677745569846,-0.03237668268196864,-0.011492728261292218,0.19721090953967665,0.26039948689756276,0.2626655944470309,0.2463482436189032,0.21760797342192692
162,0.32930890533682305,0.24437377461327028,-0.03519000240215109,-0.015434143607307688,0.19567804572502348,0.25195135233254673,0.2654528635102178,0.24146835443037976,0.23170320404721753
163,0.3301438099794557,0.24434563176014784,-0.013467708646605014,-0.0026974219836178315,0.1965393202679236,0.2660425377204145,0.2612818558970451,0.23961854785811595,0.212707182320442
164,0.3334271428437415,0.24673777427555604,-0.023260769914455137,-0.007963180535912856,0.19572245710022382,0.26340262582056895,0.2703094365356747,0.24445002511300853,0.226525017135024
165,0.3313633336147619,0.24498353643092335,-0.029184924787994282,-0.00887422326086168,0.19690058114103606,0.256230671275241,0.26297095014588356,0.24429853140193475,0.21877087508350032
166,0.33856790401410897,0.2484169645118622,-0.03532339958070624,-0.012673903773050832,0.2055729492798998,0.2652575715984994,0.2660511604269016,0.24610997148146296,0.22357723577235772
167,0.3297310481336598,0.24481467931218867,-0.03358169945766437,-0.01401171463301118,0.19700093720712278,0.2626002027089284,0.26187343491362847,0.2457580182266754,0.212431912848446
168,0.33163538119494557,0.24502106023508663,-0.027245061051184793,-0.008278175617786293,0.19010319532512743,0.27268602540834846,0.26323828920570264,0.24278858297549885,0.22472677595628415
169,0.3339430951509864,0.24742258370153566,-0.03631380964457048,-0.015035204682043057,0.1982912287171922,0.2814578587699317,0.26216273635011683,0.24944734726688103,0.20866666666666667
170,0.33459038077280273,0.24560267919961726,-0.030539197088791714,-0.010625580214224273,0.19668039435916634,0.2545168164551098,0.2676887794105156,0.24269358240433866,0.22757475083056478
171,0.33105376223041494,0.24458015553616827,-0.03349490200701466,-0.013909684190667432,0.19945185000622898,0.25628916538007446,0.26614910763258937,0.2384139539600446,0.22722722722722724
172,0.33108190508353735,0.2455182506402499,-0.020838631739510227,-0.006274053040531358,0.20083240154056403,0.2698253910512914,0.25856471593336183,0.23963249322221106,0.22778345250255363
173,0.3344590474582313,0.24655953620578056,-0.02705628092948159,-0.0093468488264693,0.19786560774337655,0.26149529326574944,0.26380082847239833,0.24805847418912746,0.21199586349534644
174,0.3339806189551497,0.24662520286306625,-0.03123918427019934,-0.013497602712606582,0.19142981528702033,0.2635680234690136,0.2642842038485938,0.24694983040550803,0.22569906790945407
175,0.33208566684490476,0.2461936791151887,-0.03099052575205591,-0.013700264015239605,0.19763628488336119,0.2616241892756006,0.2639225181598063,0.24499089253187614,0.23317631224764468
176,0.3317760954605578,0.24554639349337234,-0.024280163495812246,-0.008288975767760748,0.19302139202268664,0.26053994082840237,0.26619712333998047,0.24456061737615137,0.22677966101694916
177,0.32953404816180265,0.24356701282376006,-0.028087952406406935,-0.01444297039299719,0.1979237893951638,0.25797451873895655,0.26219666863955354,0.24160837401237986,0.2162251655629139
178,0.33235771442508844,0.24544320303192338,-0.026284526703647892,-0.00789773564331081,0.1954612911204551,0.2610923062848779,0.2639602459361577,0.24386518684451686,0.21914102130537708
179,0.3326391429563129,0.24535877447255602,-0.026401158637452793,-0.007922919029838105,0.19551820728291316,0.26134901672486677,0.2663203168249372,0.23777924117319285,0.22233169129720853
180,0.3307629527481496,0.24490848882259683,-0.02144761429210229,-0.005481138240146427,0.19313358302122346,0.26582393597671883,0.26336795124881984,0.24632571996027805,0.21855803427093437
181,0.3320481430407415,0.24519929830486215,-0.027214334022295672,-0.005605460799763762,0.19941348973607037,0.25996292863762743,0.26283975144777444,0.24262540554030446,0.22538593481989708
182,0.332892428634415,0.24609048865373973,-0.025079277163132352,-0.007145992791480538,0.20248911014312385,0.26399116347569956,0.2671192193466271,0.24505828687278255,0.2194787379972565
183,0.335087571177966,0.24640944098912748,-0.021724352075247977,-0.007722869804365318,0.2001862775535548,0.26092154879058216,0.26339872050163116,0.24109078078532184,0.22288163534454336
184,0.33670109475698645,0.24689725044324995,-0.020322089262965748,-0.00814340921070586,0.19615336424007015,0.26277838627236216,0.26357480516162,0.25194206385004764,0.21801262878032568
185,0.3322545239636394,0.24508672689237235,-0.02259388024161485,-0.00757233297850643,0.19812600172605105,0.261134163208852,0.26325118163403105,0.24478225968292194,0.21829105473965288
186,0.332686047711517,0.24609048865373973,-0.02797417207880676,-0.01221827344973589,0.19106346058502727,0.26530239356842683,0.2638258138449132,0.24686298320178102,0.23951106706309877
187,0.33282676197712924,0.24469272694865807,-0.024152201688742547,-0.005187892559538304,0.19357867067217424,0.26515011972738994,0.2613807010769297,0.24396607958251793,0.2353923205342237
188,0.33152280978245574,0.2440923460820458,-0.02227782590824451,-0.00947536277015204,0.19174169512573735,0.26127527216174184,0.26164464769647694,0.2447644642766594,0.2193419740777667
189,0.33515323783525175,0.2473287741911275,-0.027399326993512607,-0.009235766737835605,0.1999875241719169,0.2560377701107681,0.2673817195183992,0.25027398625087177,0.22464520595361717
190,0.3326672858094354,0.2457433934652295,-0.028971738392159718,-0.010891919743478723,0.19658439291947144,0.2674312761696705,0.26293085038226627,0.24274234053239577,0.22056328469630132
191,0.33455285696863946,0.24601544104541317,-0.025837152686642773,-0.009462435611266862,0.19845087138484602,0.2654281247125908,0.2640371229698376,0.24079020309429017,0.22993062438057482
192,0.33169166690119045,0.24390472706122945,-0.027043613732411764,-0.011650874990620369,0.19280656682749545,0.2647543988269795,0.2589721145429536,0.24423776789324708,0.21941354903943378
193,0.3310350003283333,0.2447208698017805,-0.019829424736594325,-0.005770625524837758,0.19724025974025974,0.26111567607048297,0.26383826396541493,0.2463115778944736,0.23251923720307796
194,0.3315790954887006,0.2451711554517397,-0.03164071137883018,-0.012044417138070335,0.19416934884872494,0.2677486626167377,0.26458085359632716,0.2393893893893894,0.21911573472041612
195,0.33109128603457816,0.24422367939661724,-0.02960209785802642,-0.011482043579409212,0.19659133474840804,0.26551318054171574,0.26015056673997633,0.24617581072812564,0.2217741935483871
196,0.3322545239636394,0.24632501242976013,-0.0226447955305773,-0.007687794561070105,0.1983640081799591,0.2677309844939903,0.2617532772535121,0.2463951429294207,0.22445561139028475
197,0.335293952100864,0.24691601234533156,-0.0296918714571045,-0.009586450633070925,0.19451648758799556,0.2649533565026523,0.2682427242468209,0.24524781929108053,0.22705961152042867
198,0.3376391898610681,0.24869839304308672,-0.029166638380263787,-0.00897310270122273,0.20047988886784113,0.262575811630396,0.2667351480910803,0.24877006410574964,0.23497080041222948
199,0.3316729049991088,0.24351072711751517,-0.026322272277627123,-0.009268336392431353,0.19284786240178184,0.2638825149150987,0.2582127659574468,0.24386709967524356,0.22742701968771215
200,0.33536899970919054,0.24761020272235199,-0.03098380720114907,-0.01362508760386627,0.20115729218516676,0.26275255957234755,0.2628488147798877,0.24895576468220018,0.22274562584118437
201,0.32954342911284346,0.2437546318445764,-0.026487157064519484,-0.008732335527743468,0.19572378643793897,0.258160237388724,0.2624957497449847,0.24332284958314612,0.220550576184379
202,0.33237647632717005,0.24666272666722952,-0.027711650047907932,-0.008698115103992238,0.20029473167137418,0.2666362807657247,0.2662762364809986,0.23937506279513715,0.23006134969325154
203,0.33554723777896606,0.24764772652651526,-0.020927688909144038,-0.009057983342884351,0.2035191725529768,0.26066479485553845,0.2678229817625303,0.24366851491083472,0.23618598382749326
204,0.33459976172384354,0.24502106023508663,-0.01891011273108595,-0.004211892485260937,0.19590588528989578,0.26589857570534337,0.2623110884700289,0.2407878664495114,0.23695874531196726
205,0.3362695710091089,0.2470379647088622,-0.03276154458961089,-0.01194907547266777,0.20096473094029943,0.2707076247942951,0.2658869231094034,0.24801367796439705,0.22341463414634147
206,0.33129766695747614,0.24521806020694378,-0.025859712082423936,-0.0061930538461011375,0.20109482161958095,0.2582227875704161,0.2545238297510832,0.24812601296596434,0.23745046235138706
207,0.3342245236822109,0.24592163153500501,-0.023779849497614525,-0.007938739588465749,0.19696589769307923,0.2737506864360242,0.2629689770105119,0.24360962433094893,0.21641541038525963
208,0.3314383812230884,0.2446082983892907,-0.026995900117535943,-0.011737033167947108,0.19437953511253228,0.26149319602795146,0.25960969840331166,0.24202342487883682,0.2255588922255589
209,0.32959033386804754,0.24548072683608665,-0.02760486453444122,-0.008654756696194671,0.20134646552798902,0.2652433508232314,0.2646660458816558,0.24620522161505767,0.22112771739130435
210,0.3348530474019456,0.24600606009437237,-0.026523963840315967,-0.008114456895450706,0.1976190476190476,0.2662214601570255,0.26487757759018943,0.24357485483463773,0.2316715542521994
211,0.33316447621459866,0.24452386982992336,-0.025546137839122518,-0.011368906544683671,0.19707249654479206,0.25582244953877065,0.2614923102923779,0.23979902557856272,0.2177688710754843
212,0.32891490539310875,0.2447208698017805,-0.026282090229891086,-0.007487753297955563,0.1963175072356672,0.2661929488931402,0.2614491507202752,0.2473026973026973,0.21903171953255426
213,0.3313820955168435,0.243979774669556,-0.022506469177588417,-0.00941305806927642,0.20305447350522476,0.2722018348623853,0.2549450549450549,0.24448078495502862,0.21045751633986928
214,0.33435585699678233,0.2469347742474132,-0.03293972276261886,-0.012784537547569141,0.20115981792105755,0.26207973544001467,0.2640789863977287,0.24637316139431795,0.22972096041531473
215,0.33153219073349655,0.2439891556205968,-0.019704037835032717,-0.005247775057405285,0.19797553250947028,0.26528760660497186,0.2590827873734366,0.2441077441077441,0.22511923688394275
216,0.3315884764397415,0.24520867925590295,-0.029616293886412015,-0.012699936802569728,0.19759630200308168,0.26330150068212826,0.2657815737178132,0.24575156787376087,0.22022838499184338
217,0.3307160479929455,0.24464582219345396,-0.024852361509455412,-0.009632126766239896,0.19969979360810558,0.2569312742707487,0.26352671366686486,0.24856191341204964,0.22211569191434963
218,0.33538776161127215,0.2453962982767193,-0.0226212612701307,-0.005551440539773883,0.19871874611270057,0.2670586139319437,0.2622804406073236,0.24137756650146658,0.20921627985200134
219,0.3283426673796189,0.2430135367123519,-0.021442697001462674,-0.0050450999997457,0.1967851622874807,0.25554130793185564,0.25975750824729016,0.24479349626135394,0.22379986477349562
220,0.3306879051398231,0.24449572697680091,-0.02076103817830932,-0.007517020142023767,0.1952640714108604,0.2632013201320132,0.2613042011135482,0.24480968858131488,0.2296144660525418
221,0.33148528597829247,0.2444300603195152,-0.033452265025476435,-0.011662922302830975,0.19844796295137368,0.2614889705882353,0.2595530535653361,0.24396715730449584,0.2219626168224299
222,0.3376767136652314,0.24694415519845403,-0.01932131171414947,-0.0024034723641343514,0.1948935638928772,0.2694477846637684,0.26689522176987357,0.24431221561078054,0.23182579564489111
223,0.3302939051961088,0.2454056792277601,-0.025500309206659466,-0.01173030192067051,0.19408410102149526,0.2693723541321553,0.2618785466248835,0.2465692124105012,0.2287603305785124
224,0.332892428634415,0.24523682210902542,-0.032037628769269744,-0.009819447702493933,0.1986335097870245,0.2731176900584795,0.26035123702089474,0.24449741353078405,0.21248382923673997
225,0.33256409534798637,0.24541506017880094,-0.023725540032503212,-0.006803483870059163,0.19281086468975828,0.2637852593266606,0.2637334251765111,0.24184943687018376,0.239
226,0.3303408099513129,0.243979774669556,-0.031454394807148955,-0.010179614239059803,0.19921802271457828,0.2646145414687614,0.25965419091720127,0.2399158190108734,0.2312023848956608
227,0.33838966594433345,0.24791039315565813,-0.025418092126469283,-0.008713668269098002,0.1994679205593021,0.26230256550716696,0.26400743682920647,0.24794853611589504,0.2271074380165289
228,0.3304721432658843,0.24425182224973968,-0.01836542802979768,-0.004448194448819359,0.19283660457557195,0.2593068035943517,0.26531652018851104,0.24411362600638006,0.21407135711903968
229,0.3319918573344966,0.24524620306006623,-0.017153388545805448,-0.005503602849951467,0.2019416267347066,0.27010914427221866,0.2657853613211133,0.23825998473670823,0.22055888223552894
230,0.33670109475698645,0.24796667886190302,-0.023385055094092222,-0.008508303461690209,0.1985271172689259,0.2642876800293551,0.26279059810763367,0.24686317466640112,0.21645445641527913
231,0.3334834285499864,0.2468128218838826,-0.028538594972753017,-0.010552274408880957,0.19719359245001863,0.2661446338093045,0.2607509696117291,0.24815576855522659,0.2388362652232747
232,0.33368980947288435,0.24628748862559685,-0.029582894378122837,-0.012306169216035834,0.19895968790637192,0.2661158525512983,0.26445437141033823,0.2444355524433552,0.22675962815405046
233,0.33452471411551704,0.24779782174316833,-0.0312607234852641,-0.008983712896777296,0.193617288604096,0.26956284649641005,0.2680656625486546,0.24969727547931383,0.22918739635157545
234,0.3298905243013537,0.2434638223623111,-0.029498058930837512,-0.009725744312890916,0.19465864209140493,0.26483516483516484,0.26085484553533644,0.2409987794955248,0.220152976388427
235,0.3326954286625578,0.2445520126830458,-0.030818755335356773,-0.01114267756710921,0.19842157593835447,0.25793432397725186,0.26170320832980615,0.24322428736035268,0.22080963532954165
236,0.3309318098668843,0.24406420322892336,-0.032761577550507404,-0.011586479796609317,0.19657099792752622,0.2562528216704289,0.26096752253018196,0.2437149071779048,0.22237061769616026
237,0.3291869529732924,0.24478653645906623,-0.025374270715946556,-0.0091133592255494,0.18931525592387585,0.26425013835085776,0.2627289531171232,0.24514785082816787,0.22600720602685884
238,0.3318230002157619,0.24616553626206625,-0.027307622692479327,-0.00982303715681998,0.1959593455627169,0.2578696925329429,0.2649245804121521,0.2503048780487805,0.22056878306878308
239,0.33605380913517013,0.24662520286306625,-0.033067312450871134,-0.015588848867394312,0.19979907070199673,0.263797009515179,0.2638143153088403,0.24969745865268253,0.21551724137931033
240,0.33430895224157825,0.2463062505276785,-0.02253198428578873,-0.008518337173389096,0.19480599975207635,0.27499320221154716,0.26325936080884244,0.24483731238037676,0.22611036339165544
241,0.3333239523822925,0.24501167928404582,-0.02615571789954707,-0.009671380417097447,0.1990257915443702,0.2664032346995038,0.2632618747372846,0.24566488685481822,0.2120918202392499
242,0.33367104757080274,0.24565896490586214,-0.01940454880838044,-0.006568340906695447,0.19914625092798813,0.2681564245810056,0.2591808208733957,0.24517628043236692,0.22299767364572948
243,0.33493747596131296,0.2465970600099438,-0.01963981508205359,-0.002671702150470745,0.19859347771969132,0.26177109742846794,0.2653975841905331,0.2474356395816573,0.24326101249178173
244,0.3308192384543945,0.24580906012251522,-0.020183441259881585,-0.00765150165374856,0.19310912660713156,0.2660797700323392,0.2663759192748418,0.24273869221985006,0.2244030094864246
245,0.3305471908742108,0.24485220311635195,-0.02481021895141272,-0.008299564885018096,0.19992590763151397,0.2623192410426453,0.2611609965853042,0.24047332531087043,0.21967100753941055
246,0.3333051904802109,0.24535877447255602,-0.021022889291688995,-0.007892501170149169,0.19631440391124483,0.2629435191889935,0.2610568516228089,0.24570359886777193,0.2217782217782218
247,0.3320387620897007,0.24440191746639275,-0.023037398232385375,-0.006935361162437509,0.1956494639740713,0.2622737819025522,0.26214540512994733,0.24303645546832026,0.22128213472177025
248,0.3302939051961088,0.24449572697680091,-0.023773370111483838,-0.012369047390844434,0.19408240163073692,0.26632708750227396,0.2631690739167375,0.24267215418590646,0.23210768220617203
249,0.3324515239354966,0.24576215536731114,-0.03100074722153434,-0.010122940026032784,0.19717341004314928,0.2631051144133467,0.2652755163253064,0.24013307122334795,0.20512820512820512
250,0.33494685691235376,0.24515239354965807,-0.030779802034680004,-0.01040228184394587,0.19620292561469033,0.2669395179627103,0.2635665529010239,0.24181435866626613,0.22896413007039892
251,0.3307066670419047,0.2439141080122703,-0.030962751847121717,-0.012491499053248173,0.19264797507788162,0.2652761187172655,0.26115245587922603,0.24863993552286923,0.22479338842975208
252,0.3289336672951904,0.2431261081248417,-0.02331703813520991,-0.0090307879812066,0.1995893734834816,0.2580316637348394,0.2562092057302704,0.24566834773056373,0.23684210526315788
253,0.33233895252300677,0.24708486946406627,-0.026982739952634116,-0.01070637501846644,0.19653690596562184,0.26527272727272727,0.2658738585686982,0.24534130543099153,0.23671013039117353
254,0.3339337141999456,0.24576215536731114,-0.026565293554174252,-0.009539347620507094,0.20256490459806067,0.2641200545702592,0.25951396506623914,0.24428104575163398,0.23392568659127624
255,0.33148528597829247,0.2440360603758009,-0.032774477919308265,-0.008853690398547776,0.19732337379396203,0.2661364051929055,0.2631421232876712,0.24059848370738565,0.22860918401057154
256,0.33520014259045583,0.24719744087655607,-0.025556120465745957,-0.010057020825001456,0.1976751414185367,0.2712731925783749,0.26263576498759944,0.2439886493752178,0.22888739946380698
257,0.334271428437415,0.24686910759012748,-0.03359688843198966,-0.01563954337079662,0.19906382440382062,0.2754791330825721,0.25766451447385297,0.24471177944862155,0.22521339461588968
258,0.33345528569686395,0.24577153631835194,-0.02190857693430842,-0.007851992550693937,0.2013381621754343,0.26799741243877645,0.2620163627066644,0.24568900507767333,0.22594278283485045
259,0.33647595193200686,0.24773215508588262,-0.02478642742899223,-0.007617561522576227,0.20225764435899027,0.2629952744456561,0.26790529154027637,0.2463695038321904,0.22857142857142856
260,0.33193557162825166,0.24467396504657643,-0.029377476922650414,-0.008319642164481694,0.19692193584275913,0.26387501135434643,0.26331849968213605,0.24123658661216146,0.22410865874363328
261,0.3348811902550681,0.24709425041510708,-0.026829461581243552,-0.00936449447746765,0.20080905126098225,0.27138321995464854,0.26503576416811275,0.24537874221418526,0.2418212478920742
262,0.3350219045206803,0.2470379647088622,-0.02009259976031469,-0.007205989587454276,0.20251265704106505,0.2699139351767076,0.26237288135593223,0.2458546879710582,0.20916530278232406
263,0.3297310481336598,0.24448634602576008,-0.03163218643764726,-0.012066360230604117,0.1959673906279171,0.25822577713143063,0.2636809554275965,0.243727959697733,0.2195444040937603
264,0.33107252413249655,0.24581844107355605,-0.03413850137708352,-0.012046384763357842,0.19277184160905092,0.2731460572667329,0.2666410157752982,0.24467821168064308,0.22002724795640327
265,0.3328830476833741,0.2452931078152703,-0.03212849801410267,-0.014530010257950948,0.20259579728059332,0.2592934231159487,0.26179966044142616,0.2454841130848136,0.21504307488402916
266,0.33429019033949664,0.24695353614949483,-0.027392197488170122,-0.009873107479338283,0.19685967852044933,0.2730496453900709,0.2673799052774019,0.24007647029229762,0.23058823529411765
267,0.3305096670700476,0.24412048893516824,-0.0284684588867804,-0.00795102755224747,0.1936046874026055,0.2619026190261903,0.2627886209975762,0.24094913182952288,0.2222592469176941
268,0.33082861940543534,0.24547134588504582,-0.019966213682766576,-0.0049924321926539394,0.19136340977068794,0.26030904269909483,0.2642374824818448,0.2479160389675605,0.21718538565629228
269,0.3322639049146803,0.2457340125141887,-0.025510648194260632,-0.008126370855146836,0.19450501526384648,0.26580785630046266,0.262312497344155,0.24582578957956144,0.23626558813616447
270,0.33664480905074157,0.24709425041510708,-0.022620833074400437,-0.01073319109611745,0.20518824326822355,0.27067398542247817,0.26533139733515543,0.2442801830341429,0.22538513060951104
271,0.3356410472893742,0.24605296484957645,-0.022714926819159154,-0.0055707165838255746,0.19684843972951174,0.26564388656438864,0.2620983187912322,0.24579056479749203,0.21551433389544689
272,0.33237647632717005,0.24548072683608665,-0.033720209750921326,-0.013426460762144876,0.19896042084168336,0.2648314708821659,0.2634367903103709,0.2392412088189294,0.23112429937355752
273,0.3331175714593946,0.24616553626206625,-0.02309997288720267,-0.00779726561503799,0.1964329947981174,0.2686283386147578,0.2634970765225556,0.24630591557819356,0.22356003904978847
274,0.3320762858938639,0.24599667914333156,-0.029029340329736697,-0.009561183267595169,0.19956521739130434,0.26093307769560853,0.2673830862676804,0.23884501232456362,0.22066848567530695
275,0.33299561909586395,0.24664396476514788,-0.026145170936648754,-0.009035919085783078,0.20215897939156036,0.2616141373656404,0.2628556736372986,0.24376044145193135,0.24007807417046195
276,0.33363352376663946,0.24601544104541317,-0.019786392578153622,-0.003797511755290195,0.19683272024440426,0.26570536370315945,0.26239836533140354,0.24997511695033342,0.21613739468567725
277,0.33090366701376184,0.24461767934033152,-0.02333170095774778,-0.007523563177919967,0.19611407082419305,0.26052301629948055,0.26446563742890133,0.24662539328123415,0.22369291859695567
278,0.3294402386513945,0.24331372714565802,-0.024281713203493316,-0.006379903566945122,0.1945226036390921,0.2635476878612717,0.25796340223652997,0.2450738295620622,0.20985155195681512
279,0.3346654283811293,0.24557453634649481,-0.0318908950189597,-0.010893493022146317,0.19625875875875876,0.25800238466477116,0.2638091593315474,0.24873604645342143,0.22145894667975138
280,0.3324984286907007,0.24526496496214786,-0.027323506522888175,-0.00991573947452673,0.19803076923076923,0.25826901874310915,0.262709710218607,0.24490921857759054,0.21916445623342176
281,0.3308098575033537,0.24447696507471928,-0.02362008783358216,-0.004616883871359667,0.19506726457399104,0.2618037624492807,0.2608402511482871,0.24457752503648533,0.21714285714285714
282,0.33020009568570063,0.24360453662792333,-0.02718221246045549,-0.010133146870594967,0.19763847675568744,0.26273899917665355,0.25987622923024756,0.2425557686484304,0.20765736534717716
283,0.3339430951509864,0.24532125066839275,-0.02671027553429034,-0.007680476540128489,0.19564548865243864,0.26943243491859076,0.2621499702102307,0.24750428557023293,0.21467576791808873
284,0.3289336672951904,0.24406420322892336,-0.03138022439173155,-0.011690351546094546,0.20334883720930233,0.26362964331916466,0.2601801344665736,0.24305414723179883,0.21120829284094592
285,0.33196371448137413,0.24570586966106625,-0.027207221464352616,-0.008020502786373895,0.19330762532653314,0.2639571237159446,0.26214327805370824,0.2488495575221239,0.22467105263157894
286,0.33343652379478234,0.2464188219401683,-0.0237583114580589,-0.00580660482221218,0.2030513520218308,0.2666243884761732,0.2631736016371078,0.2441000352236703,0.22924247436321535
287,0.33039709565755776,0.24510548879445399,-0.024525197880938265,-0.008709943730523723,0.18961877561157334,0.2696781173924804,0.2649859705807329,0.24136368214321685,0.22650282298239788
288,0.3358661901143538,0.24652201240161728,-0.030377362877090308,-0.013864417495186993,0.19935371613223962,0.269177893868573,0.2614076121624495,0.25087212199740855,0.21848162143593267
289,0.33366166661976193,0.24418615559245396,-0.03171731250807919,-0.010640878110110358,0.19617345333249417,0.26355669161949974,0.25946857865879375,0.24181652859163466,0.22628458498023715
290,0.3368136661694763,0.2468784885411683,-0.016591230372182186,-0.002153293407777368,0.1953966093305284,0.2603370476102772,0.2633152522103105,0.24712356178089045,0.2235494880546075
291,0.3322170001594762,0.2458465839266785,-0.03240438777741461,-0.010119309354370415,0.19810502848649988,0.2618852085044256,0.2606060606060606,0.24838370169899263,0.2233972240581626
292,0.3309693336710476,0.24350134616647437,-0.02447375767125015,-0.007727865138717205,0.19733678564823376,0.2555082056396772,0.26037572878427984,0.24156934122048637,0.22150048717115947
293,0.33279861912400677,0.24537753637463766,-0.023682257699021603,-0.007415201772285829,0.19710544452102,0.26054726823464813,0.2592545692457051,0.24546553808948005,0.2313937753721245
294,0.3301907147346598,0.24255387011135188,-0.028383608273333305,-0.010280551967568663,0.19699162942916484,0.26174008008736804,0.25911463859768263,0.2402557856272838,0.2284313725490196
295,0.3309599527200068,0.24474901265490295,-0.028984978274034012,-0.012581497339579889,0.19678964723449263,0.2630714481248289,0.2686409975566602,0.24198058055004829,0.22015556307067974
296,0.3359693805758028,0.2475539170161071,-0.024904246443714806,-0.009690184410190206,0.1994296695803112,0.26262078930732413,0.2683429159872994,0.24539164688652088,0.22765818656229614
297,0.3371701423090273,0.24686910759012748,-0.028561780503231382,-0.009471310808856215,0.19772315005942329,0.26965981377339354,0.2630017378035858,0.24457879484360948,0.2269857095380525
298,0.3354909520727211,0.2468128218838826,-0.02877404330096478,-0.007965607956294446,0.1972223944447889,0.2582901789770146,0.26933672388217844,0.2505336992985666,0.21400651465798046
299,0.33351157140310883,0.24487096501843356,-0.026436704348526907,-0.011287758170632323,0.19557126907331596,0.26345015930814747,0.26258561643835615,0.2433031218529708,0.21171770972037285
300,0.334627904576966,0.24627810767455605,-0.02267895894371169,-0.004840627897324035,0.19619507963066246,0.2700817038465069,0.26323560430288967,0.24349096036662135,0.216677398583387
301,0.33429019033949664,0.2459122505839642,-0.02837826699903856,-0.00930701919591162,0.19859871031746032,0.2566786009363812,0.26909137423783736,0.2436435323257342,0.21071663379355687
302,0.33347404759894556,0.2471599170723928,-0.024511902571696664,-0.008445393726975392,0.1965180360721443,0.2661811561219845,0.2637773760981966,0.24329813160032493,0.23660262891809908
303,0.3343464760457415,0.24418615559245396,-0.03447002335102595,-0.015105131177794495,0.19459560893225747,0.2614319548187284,0.2675996607294317,0.2409077094519299,0.23514127963624554
304,0.33271419056463947,0.24587472677980093,-0.03000170642564859,-0.011935121361807327,0.19789197954347013,0.26833272528274354,0.2620715853452642,0.24468894184454698,0.23151555704248913
305,0.3358099044081089,0.24642820289120912,-0.027961078675720175,-0.008403830672739032,0.20192367359602856,0.2686030428769018,0.26080910240202276,0.24512987012987014,0.21252433484750163
306,0.3340087618082721,0.24576215536731114,-0.026596363233100606,-0.006540475045608868,0.20063793858277565,0.26203110704483074,0.2607428987618354,0.24921851366340628,0.22225992534781133
307,0.33366166661976193,0.24759144082027035,-0.02867428035034486,-0.012393954480521135,0.20407525470341897,0.26135633660640545,0.26782944111358015,0.24657740333985256,0.22494053686714238
308,0.332123190649068,0.24419553654349477,-0.0314409123994,-0.008249343793659353,0.19631710362047441,0.25909173149990955,0.2622452854069105,0.2458473453581983,0.21812647954007439
309,0.33170104785223126,0.24468334599761724,-0.01367214299356756,-0.0029608922474068655,0.2007618333957787,0.2654015401540154,0.26140797285835454,0.24535728704077514,0.21773924641547182
310,0.3299561909586394,0.24377339374665805,-0.020772112134844645,-0.005163417830781836,0.1934572397337687,0.2596558667398865,0.2575165047727177,0.2504056795131846,0.2184901895576987
311,0.331203857447068,0.2461467743599846,-0.027968612482396293,-0.01245115730521057,0.1937316601111319,0.26611570247933886,0.2626045097542437,0.24445679074700744,0.21144195383071263
312,0.3333614761864558,0.2459122505839642,-0.025140223876840173,-0.0075713270675268896,0.1996130079270957,0.2602526547052362,0.26429051782111634,0.24285860028565598,0.22905027932960895
313,0.3326954286625578,0.2450585840392499,-0.021915399421402137,-0.006300274277311724,0.1980724701170286,0.26334874444746625,0.26573723806690186,0.24166666666666667,0.22415523586483774
314,0.33086614320959856,0.2435857747258417,-0.03129896047492242,-0.01076021282725087,0.19307023578710364,0.2553763440860215,0.2630553555546144,0.24180163967206558,0.22948586993530815
315,0.3315415716845374,0.24597791724124993,-0.034387121085259154,-0.009803557005837349,0.1959497468591787,0.26511879049676024,0.26525098155106175,0.24502367255510868,0.2232881243797552
316,0.33344590474582314,0.2452837268642295,-0.023253339137328743,-0.008642142324284036,0.1996267496111975,0.27115526122148637,0.2657777777777778,0.2373254591862269,0.21159029649595687
317,0.33474047598945583,0.24556515539545398,-0.034433124761691525,-0.011494297111405288,0.1935423665546846,0.2692803239462544,0.26401248365737423,0.2385414544713791,0.22236973116495187
318,0.3285396673514761,0.243876584208107,-0.03216888549458352,-0.010980259086954575,0.19937446338771003,0.26313393426204135,0.26084927671488567,0.23970438328236493,0.21601307189542485
319,0.33080047655231287,0.24486158406739275,-0.03389150857941564,-0.014918777840496805,0.1985618771288003,0.2614187643020595,0.25876749283426065,0.2415041222602051,0.22576404863621427
320,0.33020009568570063,0.24385782230602537,-0.029874263332592965,-0.011131111553513873,0.19179430399212646,0.26975179561778345,0.2642633758769335,0.23989437334958358,0.21817562968005447
321,0.3335584761583129,0.24567772680794378,-0.029922164566691,-0.011839490661932184,0.2010003705075954,0.2659496230924802,0.26022732110169855,0.24030578886485943,0.2242302543507363
322,0.3329580952917007,0.24501167928404582,-0.02746054146912863,-0.009092981529170069,0.19905537256851658,0.2677387117288998,0.2613641150945781,0.24268225099501234,0.2221850985633144
323,0.32932766723890466,0.2438672032570662,-0.02725892798925672,-0.005587885893940131,0.19962721342031686,0.2593031740240788,0.25804397656846934,0.242178037949132,0.239710240368785
324,0.3318417621178435,0.24634377433184176,-0.01875251810018358,-0.006613350406239837,0.20127170457324528,0.2623102554609404,0.26647063837040824,0.24602736979297207,0.22972051806407634
325,0.3306503813356598,0.24322929858629067,-0.025658481368892372,-0.011368117396995975,0.1975906607054148,0.26191556967771223,0.2620576062167413,0.2408,0.22596795727636848
326,0.32972166718261897,0.24543382208088255,-0.024437430539592464,-0.010222620197550741,0.19353631145495384,0.26734195532242017,0.2623676038963801,0.24554840640430944,0.2377554330197859
327,0.3317948573626394,0.24426120320078049,-0.0242258299009267,-0.007006531772863339,0.19300331685337005,0.2648185300018238,0.263689617115205,0.24267995119967467,0.21770730095804428
328,0.3333239523822925,0.24667210761827035,-0.023422624748058396,-0.005561594933097491,0.19939917386406308,0.26482030381622823,0.26585345120707243,0.24780087964814074,0.22132796780684105
329,0.33258285725006803,0.24430810795598457,-0.02780626926693358,-0.009753181035119074,0.1970412729985082,0.25731966380345433,0.2625415211651478,0.2457443046926302,0.22153344208809136
330,0.3347967616957007,0.24662520286306625,-0.01964775264933727,-0.006323022716250681,0.19387058750542838,0.2710666421883606,0.2651924303635977,0.24765393686957393,0.22631578947368422
331,0.33544404731751704,0.24761958367339282,-0.026667564632142537,-0.012630602696388049,0.2020882243914494,0.2608735802013113,0.26630041309995317,0.24643881814063523,0.23569251608533695
332,0.3375172374975375,0.2477884407921275,-0.029820576892116757,-0.0068273957041165845,0.2025183630640084,0.2727693446871529,0.2643205427178291,0.2483214750977052,0.21208008143875126
333,0.3277516674640475,0.24225367967804576,-0.03011040765159062,-0.010524598247367789,0.19456622414325409,0.2647058823529412,0.258779175668234,0.2374716696046336,0.21883378016085792
334,0.3337367142280884,0.24518991735382134,-0.027347234574854773,-0.010431536616926335,0.19926268432891778,0.26237398964671693,0.2641541609822647,0.24587284861257463,0.2174496644295302
335,0.3302657623429863,0.24285406054465802,-0.024875191729006707,-0.006519996281195928,0.19699800697558545,0.25944653856761973,0.2621783185653114,0.2450557172974601,0.21364985163204747
336,0.3315884764397415,0.24587472677980093,-0.02871184895710982,-0.009215301168739004,0.202508736894658,0.2590650149199747,0.26313334746661016,0.24657190215480437,0.2234149614223415
337,0.33447780936031296,0.24701920280678055,-0.016287275466683238,-0.0022793777479503396,0.19734369126675855,0.267604347428989,0.2690088040776781,0.24366803483832217,0.2136835278858625
338,0.33236709537612924,0.2440360603758009,-0.022196059949570968,-0.0043018424998441385,0.1957655337061004,0.2609053497942387,0.2636043601815328,0.24104169772874112,0.21392869043652116
339,0.3363446186174354,0.24736629799529075,-0.023847166203954828,-0.007177321847690488,0.19686065268643752,0.26451789627465305,0.2650989462863017,0.246461787302871,0.24189776144336786
340,0.3279205245827822,0.2427321081811274,-0.031230195489759194,-0.012992433597105613,0.19713216957605986,0.26147249338564,0.25949099518051916,0.23856898804140286,0.2109662320294216
341,0.3341963808290885,0.24705672661094383,-0.0218885857588465,-0.007192793316048579,0.20117574257425744,0.2677222677222677,0.2712311290665533,0.24152137868663015,0.23242705570291777
342,0.33146652407621086,0.24449572697680091,-0.028647219752936992,-0.010186327945815837,0.2014262479669711,0.25983224603914257,0.2637082376944657,0.24015748031496062,0.225944170771757
343,0.3357629996529048,0.24741320275049483,-0.021713994515659196,-0.006326508304211831,0.20157832598023986,0.2699724517906336,0.2682345936290563,0.24726345778977357,0.21980914774596907
344,0.33778928507772116,0.24751639321194382,-0.022270502971347528,-0.006795414093566043,0.2013486261658684,0.27355484751934456,0.2612980667986354,0.24481222795829538,0.21821192052980132
345,0.3325171905927823,0.24521806020694378,-0.027749806418410072,-0.010437344485521527,0.19990060877127594,0.26180922852453037,0.26195020570895367,0.2460881934566145,0.22030099263528657
346,0.33040647660859856,0.24434563176014784,-0.03176333366691164,-0.013125773691245762,0.19732315967227468,0.25922492119414053,0.26374001793568774,0.24224004783020278,0.2078263729036501
347,0.32972166718261897,0.24353886997063762,-0.02904879380267772,-0.010383508567766514,0.19837680441112696,0.25702143385070214,0.2641404884702272,0.24100030251083998,0.23626737260092653
348,0.32958095291700673,0.24462706029137235,-0.033380144945115875,-0.012958670644847986,0.1978562421185372,0.26756283951753984,0.2626918536009445,0.24271007657589128,0.21632515955660062
349,0.33556599968104767,0.24697229805157647,-0.0277380538204684,-0.005663551402893874,0.1938618611230703,0.2704739422553114,0.27075007361911574,0.24569624121422023,0.21828609986504724
350,0.33232019062092516,0.24485220311635195,-0.02544782626903902,-0.008678820071322979,0.19736924131911976,0.2651903861733729,0.26342852286248514,0.2427924950424569,0.21367521367521367
351,0.3350688092758844,0.24730063133800503,-0.025433304712438876,-0.010325523247758095,0.19390894819466248,0.2655731662366384,0.2661925003156433,0.24537899773356836,0.22435250588631012
352,0.33472171408737417,0.24606234580061725,-0.02587770402740286,-0.0065528826829653886,0.19644977811113196,0.26414578587699317,0.26744927906086513,0.242338851708348,0.23202942159812773
353,0.329871762399272,0.2449460126267601,-0.024378190061177363,-0.00892860060128417,0.1952868334596917,0.26773810610903115,0.2635014077297159,0.2453618502859985,0.2217405801933978
354,0.3337742380322517,0.24683158378596423,-0.029941441699775972,-0.013725072389482562,0.1940787401574803,0.2613449972662657,0.27148115243051146,0.24505472436991665,0.21026324558480505
355,0.33499376166755784,0.24598729819229073,-0.026233336136864904,-0.012023834268046346,0.19626168224299065,0.2663508835853525,0.26505922522446573,0.2460361126394238,0.22357723577235772
356,0.3370669518475783,0.24770401223276015,-0.03390076531297004,-0.011581529765317622,0.2015178123432012,0.2622478386167147,0.2681649853147746,0.24402295982031444,0.21847606203641268
357,0.3313820955168435,0.24438315556431112,-0.023207193483542943,-0.00636113962448856,0.1959018938217945,0.26474648016931995,0.25881454452883024,0.24483419010180427,0.22011513714866238
358,0.33282676197712924,0.24480529836114787,-0.023149337979870344,-0.0052983390479103,0.19250637953569427,0.2634177562402853,0.25698538836195844,0.24286072772898368,0.2220321587410195
359,0.33293933338961906,0.24530248876631114,-0.023640937693278796,-0.007151137379708239,0.2009470995077575,0.2689397392652019,0.25758934289739976,0.2461723206244371,0.228325612177366
360,0.33193557162825166,0.24430810795598457,-0.024159085674705927,-0.005897214499536008,0.19559593665215472,0.26248411113128745,0.2574684192557187,0.24658758127760957,0.23397656788421778
361,0.3322639049146803,0.24458015553616827,-0.02382474759221337,-0.005549035841920624,0.1924565390994533,0.26614607257694073,0.268075117370892,0.24321362753399411,0.21386908619572262
362,0.335500333023762,0.2485764406795561,-0.021675722447382084,-0.006380797767502722,0.19948689068268569,0.268299419942915,0.270724073760785,0.24616771866546439,0.23018743834265046
363,0.3327048096135986,0.24524620306006623,-0.023377829919256687,-0.006886805389394374,0.19747196232728173,0.26801389904901246,0.2630219361395782,0.2447471014125867,0.21237181607674496
364,0.3318417621178435,0.24535877447255602,-0.029166476983872758,-0.011758818574536034,0.20329126453848056,0.26590236686390534,0.2581384685923888,0.24669018044267238,0.21888412017167383
365,0.3322920477678027,0.24586534582876013,-0.03277350824214209,-0.014650452430951338,0.19791860249024346,0.26382783882783883,0.26177766480257586,0.2461260719121408,0.2152317880794702
366,0.3345622379196803,0.24706610756198463,-0.02440985583487104,-0.00741446132574991,0.19687519687519686,0.2675761709868122,0.2655499341014413,0.24615923535004755,0.22728819326301464
367,0.3344215236540681,0.2467659171286785,-0.032286525898699237,-0.011473123432551358,0.19845457972107047,0.26673954632413227,0.2639324794299771,0.24771379760828058,0.22605236990387803
368,0.330284524245068,0.24390472706122945,-0.026225514909743786,-0.010941726184268002,0.19810502848649988,0.2620262390670554,0.26547548479972904,0.24031867688584108,0.21114369501466276
369,0.33066914323774144,0.24428934605390296,-0.021600458228556163,-0.008178291129504828,0.1986550681720032,0.2671077676062721,0.26471713350618437,0.24131167328873912,0.23308774279973207
370,0.3327423334177619,0.24594977438812746,-0.026677404654045,-0.012187514661324145,0.19602450306288285,0.2595094863489125,0.2611527328452239,0.25065493549503237,0.20818330605564647
371,0.3318230002157619,0.24452386982992336,-0.033178992777537164,-0.013517727730180396,0.20253164556962025,0.26556279406442274,0.2587624952549665,0.24176047054051314,0.22071475843812044
372,0.33510633308004767,0.24622182196831116,-0.031932694307253706,-0.011495312992881312,0.20151552488910793,0.2611643464111372,0.2627144018135934,0.24813161458594574,0.23076923076923078
373,0.32997495286072104,0.24427996510286212,-0.0212099385077113,-0.005508602217568215,0.19464961827322946,0.2687015945330296,0.2635425075413179,0.2398803589232303,0.2251111871365036
374,0.3309318098668843,0.24526496496214786,-0.021211970093719723,-0.005997242179073159,0.1970492005679363,0.26506681210799016,0.26101550881665603,0.24691606666331,0.22296618680950786
375,0.33338961903957826,0.24657829810786216,-0.033863073117365694,-0.01213124125337961,0.20277984611566147,0.25802226588081206,0.2624629707998307,0.24802734080514652,0.2384485666104553
376,0.33366166661976193,0.24731939324008667,-0.029155459806908368,-0.010359352072821737,0.19967532467532467,0.2600417082237737,0.2648623345674284,0.2439903846153846,0.22695965890455888
377,0.3352470473456599,0.24612801245790297,-0.025529389061078323,-0.009197734325231938,0.1979622452806601,0.27069392244935375,0.2668596730245232,0.23961963556706165,0.22641509433962265
378,0.3378830945881293,0.24628748862559685,-0.018965786315482902,-0.00522106601636893,0.19643080776455854,0.2734987547274237,0.2623388738127544,0.24289117542703634,0.22277889111556445
379,0.3347967616957007,0.2455088696892091,-0.021729215787148926,-0.005713682880153559,0.20127301940427636,0.2646035524629189,0.2585307448901052,0.24499696785930866,0.22136637642330878
380,0.3307254289439863,0.2442142984455764,-0.02556567782135427,-0.010518702991422074,0.1981368013004877,0.25919151271263946,0.2631755904849962,0.24241808483616967,0.2140723531364089
381,0.33323952382292515,0.24572463156314786,-0.026486325668534094,-0.007265143246028283,0.2060677212061295,0.26722490215709477,0.2612941576086957,0.2395320815342906,0.24194608809993426
382,0.32782671507237404,0.24355763187271925,-0.018059023212880554,-0.006539549587134763,0.19774634086594403,0.2643772893772894,0.26261843238587423,0.24,0.2143326758711374
383,0.3348061426467415,0.24761958367339282,-0.025958140464616697,-0.005386764348805084,0.1987902463612879,0.2665200256621758,0.26532241125813905,0.2454899186416696,0.23463875759621877
384,0.33429019033949664,0.24535877447255602,-0.02442358637768921,-0.0072109316919350686,0.19411183804468585,0.27131221719457016,0.26552471628341906,0.2415554207119741,0.2133512244213351
385,0.3301438099794557,0.24425182224973968,-0.023953115343710085,-0.007746872401399235,0.19398179679276825,0.2576548991354467,0.2608174106760346,0.2456712161336321,0.22926192031352058
386,0.33196371448137413,0.2435857747258417,-0.030965101761172564,-0.014727934586162728,0.19323042588804165,0.26279048406356204,0.2614090252400782,0.24223665005787912,0.2087730870712401
387,0.3320669049428231,0.2446082983892907,-0.025112788490150417,-0.006987063278356159,0.20049099836333878,0.25651893485672167,0.2652428668478261,0.24293813657117053,0.24056130972268627
388,0.328952429197272,0.24422367939661724,-0.024995458889000954,-0.007328686228921466,0.19128540305010894,0.25793759721840975,0.26446174910148895,0.24394767179589996,0.2246547659144493
389,0.3339712380041089,0.24649386954849484,-0.02476799986372602,-0.007760624869018962,0.19424912104470116,0.2671120058565154,0.2630398917043868,0.24804256173459144,0.22736486486486487
390,0.3340369046613946,0.24622182196831116,-0.023608496683610924,-0.00940087390497274,0.19756158248320477,0.26232490449336,0.26764568566699204,0.2443021379588544,0.21681701030927836
391,0.33474985694049664,0.24601544104541317,-0.03164524573971872,-0.013423743368250834,0.19623572971305153,0.2670275146594497,0.2688103168502861,0.23803558005512404,0.2371859296482412
392,0.33414009512284354,0.24549010778712746,-0.023837857050753475,-0.007114107907472633,0.19497091386751736,0.26431838975297345,0.26358420519743503,0.24800712977174827,0.2174505794137696
393,0.33346466664790475,0.24720682182759687,-0.021257544540004003,-0.003723011818459937,0.1952467095003431,0.2671320962704391,0.26317791774104915,0.24998749312121668,0.22818121252498336
394,0.3287929530295781,0.24348258426439273,-0.02961037043624626,-0.010695932179830586,0.19516008004002,0.2632354295184606,0.2667314517491972,0.2412445437011471,0.23248832555036691
395,0.33482490454882313,0.24736629799529075,-0.02633655487966241,-0.006377232349545847,0.20026235242675994,0.26635639488051555,0.26174269648670356,0.24097170047583272,0.22340072920119325
396,0.3331175714593946,0.24796667886190302,-0.018209623761162697,-0.006280923533844851,0.20146930643755448,0.2602814841893621,0.265160930870441,0.2519601930036188,0.22783128528727997
397,0.33581928535914973,0.24672839332451524,-0.03391499291891564,-0.013394565120635638,0.19946260076235706,0.2631246046805819,0.2612562771299685,0.24574135671807276,0.22773862908392056
398,0.32910252441392507,0.24266644152384167,-0.016706940315749375,-0.0033708987017166403,0.1967575534266765,0.26290692342961947,0.2620549511028322,0.2416696251965309,0.21603027175782594
399,0.3303408099513129,0.24473025075282132,-0.033673222192454,-0.015498243116721905,0.19635842115108812,0.26543937607690216,0.26155666356798785,0.24201281986574472,0.22704837117472854
400,0.33248904773965987,0.24527434591318867,-0.024819618765166362,-0.0057775746160657615,0.19598612487611497,0.26498855835240276,0.26751377961038414,0.24230788662658514,0.22903334456045807
401,0.33151342883141494,0.2447208698017805,-0.019963130288461584,-0.0061161946321153515,0.19944461585930268,0.26779129793510326,0.260002556563978,0.2407323117382289,0.2290763587862621
402,0.33186052401992516,0.24530248876631114,-0.03349634310280669,-0.013815256098852008,0.20374968959523218,0.26457853523721786,0.26247547556086326,0.24276325691065068,0.2238458983726337
403,0.3302376194898639,0.24413925083724988,-0.029218752920328217,-0.010480874015614872,0.19689471730793023,0.263228579102874,0.26261153054221004,0.2430981206625804,0.21739130434782608
404,0.33135395266372103,0.24501167928404582,-0.024443889513810158,-0.01028371958480942,0.19841418492851345,0.2564310127720813,0.2588547815820543,0.24392579897167052,0.2508440243079001
405,0.33102561937729247,0.24492725072467847,-0.017518016624580746,-0.0031098842144723637,0.19552061887828312,0.26250342872817045,0.26430022000338466,0.24104316366011758,0.23280078252363873
406,0.33145714312517005,0.24521806020694378,-0.027072953344534967,-0.009287557340548508,0.20031279324366594,0.2665567463588898,0.26324552789992745,0.24382700400547583,0.22525706940874035
407,0.3337648570812109,0.2453962982767193,-0.03211243492272825,-0.012004488579383382,0.20230417631957923,0.2686432251649643,0.2673537177412486,0.24125202265372167,0.20027201632097927
408,0.3308098575033537,0.2445520126830458,-0.026323281432819312,-0.007534455015620695,0.1972318339100346,0.264426125554851,0.26046769178344764,0.24646963889449264,0.21252869793374876
409,0.3300593814200884,0.24462706029137235,-0.031046053456308065,-0.010287477262962669,0.1948992443324937,0.2669732215309711,0.2656682607601309,0.24099554836098747,0.23637557452396585
410,0.3344309046051089,0.2463062505276785,-0.02555150418284402,-0.010144347941857285,0.19650627875170956,0.26411589895988113,0.2665679847747938,0.24782742050915038,0.2273465410847678
411,0.3350125235696395,0.24718805992551524,-0.030147376831412886,-0.010034033259422342,0.19878071309809717,0.2698412698412698,0.2633560032507806,0.24934528605962933,0.2302721088435374
412,0.33367104757080274,0.2450679649902907,-0.021781278617554967,-0.008172381038052012,0.19078215741999258,0.2661637931034483,0.26281370758843264,0.24861850184199755,0.23358627515671396
413,0.3348061426467415,0.24645634574433156,-0.03575122562672711,-0.013300143589558305,0.19690018598884068,0.26126126126126126,0.2652584155049303,0.24277168494516452,0.22730284956925115
414,0.33452471411551704,0.24437377461327028,-0.02630107035837609,-0.009338851906596807,0.19531347376293157,0.2572294133847425,0.2629492262437652,0.24196455392009614,0.2175787728026534
415,0.3361569995966191,0.24685972663908667,-0.02261490194312471,-0.00595654534822454,0.19670710571923744,0.2686732527005817,0.2652678266803139,0.24387662534018748,0.20741713160485722
416,0.3370669518475783,0.24783534554733158,-0.03504659258267506,-0.012561644270000172,0.19799326935061698,0.2670886075949367,0.2677141883835803,0.24455009862930555,0.23938482113005682
417,0.33329580952917004,0.24616553626206625,-0.026674136950802396,-0.009266147780804174,0.19735541275333662,0.2656960873521383,0.2635172152218804,0.24351988592962265,0.21936560934891486
418,0.3348530474019456,0.24661582191202544,-0.023184778616842094,-0.004923750555367062,0.19416556165940518,0.2651812619852068,0.2673817195183992,0.24138103327670632,0.22530159765242908
419,0.3324046191802925,0.24419553654349477,-0.03567551920151263,-0.012215225315899636,0.1900555898702903,0.26188068756319516,0.2629939404284373,0.24329896907216494,0.21711830799735624
420,0.3294965243576394,0.2446082983892907,-0.024196863680398695,-0.00816210670079695,0.1945121570098131,0.26519085360298805,0.2651483317925876,0.24617353468134118,0.22517436067751578
421,0.33062223848253736,0.24453325078096416,-0.03208818530075458,-0.01051203866326178,0.20034563634119246,0.2585610200364299,0.2666979042426308,0.24520916992832817,0.20995228357191548
422,0.3309224289158435,0.2455182506402499,-0.01369073451463021,-0.0016507272273252327,0.19295037518128508,0.2721031635587717,0.26195918706620674,0.24383436516796914,0.21595011486708238
423,0.33482490454882313,0.24616553626206625,-0.035704658189025185,-0.010746465215540152,0.19509476031215162,0.26331039478449836,0.26413071446950853,0.24592533519413845,0.2170357751277683
424,0.33190742877512924,0.2454056792277601,-0.026463822541529125,-0.009992818961808037,0.1991915422885572,0.26409629830753917,0.25933495124962747,0.24939234352845857,0.20485993925075938
425,0.3340087618082721,0.24537753637463766,-0.028278342956181035,-0.009722606084704155,0.19239994950132558,0.2752654705236177,0.26093430905377807,0.24730377471539844,0.22432701894317048
426,0.3354159044643946,0.24705672661094383,-0.032042901798370604,-0.011989910875275345,0.19625585023400935,0.26405168435625287,0.2655652247025686,0.24799438427597273,0.2249076871433367
427,0.33272357151568027,0.24470210789969887,-0.029370083962123206,-0.009972844690798621,0.19545029604238082,0.2621527777777778,0.2630033199965949,0.24177381796091932,0.2265084075173096
428,0.3341963808290885,0.24612801245790297,-0.023150588237111303,-0.0066370272712653056,0.19525810700620963,0.2654636777974142,0.2653436551045721,0.24146341463414633,0.22977880488610103
429,0.33080047655231287,0.24503044118612746,-0.02834712974152781,-0.012626191881961513,0.19667675582185434,0.2638305641774694,0.26609128773240587,0.2470553153421798,0.22136172959019038
430,0.33108190508353735,0.24351072711751517,-0.02183863078733267,-0.007293115637902831,0.195496672264726,0.2620143619959492,0.2546623520395129,0.24458907219615558,0.21920529801324504
431,0.3304627623148435,0.24384844135498457,-0.026366159445515236,-0.010616166938460514,0.1983135348064258,0.25857155988601893,0.25800272433168736,0.24318262908405117,0.21419185282522996
432,0.33101623842625166,0.24491786977363766,-0.028642849724643815,-0.010406628698298725,0.18771501845249264,0.2685035116153431,0.2651938414296072,0.24219103666817565,0.22383524645509792
433,0.3304721432658843,0.24428934605390296,-0.02492548540640166,-0.006281364248628796,0.2014874070370602,0.2545852723788667,0.2633845634183415,0.24373553386333904,0.21780867262495862
434,0.3350594283248436,0.24543382208088255,-0.028749409314590746,-0.008281787820971914,0.1955286329856991,0.2667888227210261,0.26541176470588235,0.23971990464839094,0.22792937399678972
435,0.32952466721076185,0.2431261081248417,-0.028271939294564175,-0.01055826976158658,0.19270994492233431,0.26395063968786864,0.25937183383991896,0.24439002448897995,0.2227839568587799
436,0.33518138068837416,0.24713177421927035,-0.033833193938027584,-0.015464625883782085,0.2026491705867789,0.2694887599709935,0.2629046553834466,0.2382987382987383,0.2368162463150999
437,0.329515286259721,0.24356701282376006,-0.030381571917016403,-0.010568817579230644,0.19748765702143617,0.26343405102225437,0.2629268084743595,0.24129477686611966,0.22418977614433677
438,0.3321794763553129,0.2448897269205152,-0.030322523437374516,-0.011402441292053478,0.1968960359012715,0.2586269855760453,0.26409634452529895,0.24790653362081932,0.22887208155212102
439,0.3294965243576394,0.24337939380294374,-0.02813297914152396,-0.008513541916553097,0.19835431991023564,0.25946496343608255,0.26069134550371875,0.24713337356668677,0.2140270003292723
440,0.3369449994840477,0.2483419169035357,-0.02320077098853618,-0.0071128134915502406,0.20188902007083825,0.26610491981516715,0.26557807013833074,0.2475713418336369,0.2219215155615697
441,0.33215133350219045,0.24507734594133154,-0.024555234297869044,-0.009631550498303915,0.1964822233350025,0.2667814113597246,0.26515726452483346,0.2357669804121089,0.2405739072405739
442,0.33521890449253744,0.24668148856931116,-0.021899220394435703,-0.004909216333469996,0.20014890184886464,0.26241453760345446,0.26540284360189575,0.24507042253521127,0.23104575163398694
443,0.33368980947288435,0.24553701254233154,-0.03255858233991071,-0.01193080513771308,0.19962335216572505,0.26773984642427606,0.2608732803554644,0.24544544544544544,0.23182397959183673
444,0.3327517143688027,0.24575277441627033,-0.03186166689825265,-0.012698610229751273,0.2005421723861746,0.2657393850658858,0.2667792317433516,0.243847988228728,0.2192779065915866
445,0.3297967147909455,0.2442142984455764,-0.032533254246395915,-0.010682744864935617,0.2005660145195029,0.26320658710333983,0.2572543695910402,0.2433427476296147,0.22612903225806452
446,0.33232019062092516,0.24475839360594376,-0.026349360371561603,-0.007376178076089174,0.1991852354792914,0.2597745044553555,0.26384503797252323,0.24494057978220873,0.22880490296220635
447,0.33823018977663954,0.24894229777014792,-0.028238067969116654,-0.010688858633526532,0.1999750965010584,0.26750318239679943,0.2705254689418639,0.2442309647250178,0.22408782692928642
448,0.3320012382855374,0.24633439338080096,-0.024247625185973676,-0.006976154336902796,0.1962974390620179,0.2667279411764706,0.265245985650837,0.24681753889674682,0.20807351493272072
449,0.33520014259045583,0.24696291710053564,-0.023835491122976116,-0.006127436857738144,0.19862754973558297,0.26825190414267136,0.2681021743719654,0.24651233319854426,0.2142622412093329
450,0.3312226193491496,0.2447208698017805,-0.02375419251744726,-0.008396734798221173,0.19261988011988013,0.2624061527192822,0.2635912235284132,0.24429771908763506,0.22444143534190927
451,0.33284552387921085,0.24698167900261728,-0.028756816343888214,-0.01153955720672964,0.20075258701787393,0.268561377522681,0.26359388275276124,0.24130585554344594,0.23241795043536503
452,0.3343933808009456,0.24655015525473972,-0.02860767309427975,-0.011283789394982896,0.199203431372549,0.2685672780098057,0.2635414447048796,0.2490791896869245,0.22893210508358922
453,0.3293933338961904,0.2448897269205152,-0.02649404196898475,-0.007923186928746051,0.19653250773993808,0.26233122072196197,0.2652017747728713,0.2452099572542117,0.2208887447291599
454,0.3311944764960272,0.24524620306006623,-0.03361754649928822,-0.012893836237324569,0.19043134300244868,0.26568501920614596,0.26406125110428674,0.24872282880897525,0.21770257077774163
455,0.33499376166755784,0.24628748862559685,-0.03511284979031731,-0.014369334034327913,0.20154171329106055,0.26341281669150524,0.2566203488617646,0.24536805207811718,0.22630370613315842
456,0.3294402386513945,0.2439141080122703,-0.01596680857558125,-0.003944001613872483,0.19510688249104163,0.26439015361836016,0.260019550342131,0.24397895162922487,0.21456072803640183
457,0.33193557162825166,0.2452274411579846,-0.03713755464236573,-0.016712182930638475,0.19531442663378545,0.26272488925051984,0.2633114514952589,0.24477747502270664,0.21812191103789128
458,0.332226381110517,0.2456871077589846,-0.022339488163582943,-0.005729873767186977,0.19723816129642474,0.2698427129739067,0.2633853642161799,0.24634330233727067,0.22472654955253563
459,0.33602566628204766,0.24705672661094383,-0.03269576151785164,-0.011674594562235768,0.19192612466462844,0.2700947225981056,0.2690727699530516,0.2488532688139523,0.20604026845637585
460,0.33145714312517005,0.24479591741010703,-0.02413161177243278,-0.0065759560093442415,0.19531491439520365,0.2651979157144163,0.26229717101350775,0.2462086973988149,0.21416582745887883
461,0.33316447621459866,0.24654077430369892,-0.0276439755485699,-0.0125506272282849,0.20463830054679152,0.25726744186046513,0.26658222503694323,0.24892638811701107,0.21901639344262294
462,0.33193557162825166,0.24433625080910704,-0.031019669067728683,-0.010716733640510179,0.20067055755619023,0.26577315827862874,0.2609179654050351,0.2420093622590225,0.23470411233701102
463,0.32720757230368014,0.2441017270330866,-0.022298253473851892,-0.0072263869671547465,0.1925546363748611,0.2590617373226069,0.2647398349651546,0.241529501139529,0.23514294892386764
464,0.33496561881443543,0.24673777427555604,-0.030609779693762385,-0.010876508862158768,0.197532418481682,0.2611500184297825,0.2636114044350581,0.24817039317619743,0.2253337675024422
465,0.32873666732333323,0.2439141080122703,-0.022489615092550708,-0.008909028962407334,0.19686367612145445,0.2642477551768371,0.26399292988805656,0.2454021548484089,0.21863437605112682
466,0.33329580952917004,0.2455088696892091,-0.03028792617868542,-0.010547765791827118,0.195982114742742,0.262494289629968,0.2654732108768506,0.24384014423076922,0.20910003345600536
467,0.33477799979361905,0.2461467743599846,-0.034706098445556555,-0.011108106079982472,0.1979590559068428,0.2663063393184317,0.26494352552984474,0.24083743093222487,0.22431450280806078
468,0.32981547669302713,0.24426120320078049,-0.027512137505722567,-0.009507564293569915,0.19457635591102224,0.2574712643678161,0.260670149063575,0.24776462360757281,0.23523556735235568
469,0.33366166661976193,0.24485220311635195,-0.03050689260982381,-0.012403725919507391,0.19412128712871288,0.2650558301299652,0.2662870256257703,0.24549123792980126,0.2244107200516629
470,0.3335584761583129,0.2459591553391683,-0.023269587194496066,-0.007765652179030302,0.19510511452776907,0.26259025683209947,0.26647576715958626,0.24622379388734528,0.2290409121395037
471,0.3335209523541497,0.2471599170723928,-0.02277647400709165,-0.007737304379802412,0.19822430482767125,0.26512782784623873,0.2657947428960934,0.2452545189063995,0.22484224510129525
472,0.3318417621178435,0.24549010778712746,-0.02508212045928193,-0.010275924359019584,0.199279860938664,0.26339784145887607,0.26609860528212304,0.24322296689006703,0.2345514950166113
473,0.3357348567997824,0.24821058358896425,-0.022794534135586575,-0.0058447931225869,0.20166345974799826,0.2698861047835991,0.26377551020408163,0.24713924050632913,0.2181877657834478
474,0.33219823825739453,0.24448634602576008,-0.024950074825995372,-0.008048242983768272,0.19406721321734777,0.2689636263937123,0.2635577125975944,0.24167588773765214,0.21414342629482072
475,0.3314008574189251,0.24416739369037233,-0.021293356288417498,-0.004044931490128217,0.19455034060371226,0.2605461308173818,0.2624125503497986,0.2436426642205575,0.22290180088345227
476,0.33128828600643534,0.24515239354965807,-0.030234103242939736,-0.011989398010237684,0.1970045366975328,0.26003093440087344,0.2659022889179278,0.24449617895642492,0.21858288770053477
477,0.33062223848253736,0.24549010778712746,-0.027961663348944066,-0.008220662779317878,0.19664596273291926,0.2640526460104195,0.2661689419795222,0.23670105177993528,0.23229271567640147
478,0.3351250949821293,0.24719744087655607,-0.03266077260080569,-0.01068745371046001,0.19705102103769512,0.274511610762993,0.26673458126406047,0.2433273128637367,0.2191142191142191
479,0.33294871434065987,0.24701920280678055,-0.026787225479735166,-0.010100394997524492,0.20123549232497193,0.26108240413380474,0.2617745559370893,0.2464094480308262,0.22358396820139118
480,0.33578176155498646,0.24791039315565813,-0.025799149640665653,-0.008935712472090879,0.20239730303408665,0.26951452773476636,0.26084750063435674,0.2457835019932536,0.22304085733422638
481,0.3377423803225171,0.24779782174316833,-0.024078318684537192,-0.00903673308823727,0.20300891530460624,0.262060804660477,0.2663476198543114,0.24692350193379878,0.2262350936967632
482,0.3329205714875374,0.24616553626206625,-0.02949868601727973,-0.014136059005884466,0.19793352421262292,0.2684831809709772,0.26394163075478944,0.2411578840077464,0.22617493472584857
483,0.3321138096980272,0.2455182506402499,-0.029700642631489194,-0.009672856630968563,0.20139450912033866,0.2604600615830466,0.26608446188246215,0.24061062528433502,0.21952861952861952
484,0.3351157140310885,0.24599667914333156,-0.02975240615109065,-0.013485575569278568,0.19559160423503189,0.2683738559674586,0.2635250085062947,0.242285258487462,0.22405816259087905
485,0.33447780936031296,0.2468784885411683,-0.027163728619097882,-0.0064169141994397105,0.2030928477894868,0.26476049015967323,0.2623341272541681,0.24176095656900046,0.23304940374787053
486,0.32981547669302713,0.24319177478212742,-0.023248286659746875,-0.008597601202934013,0.19297709923664122,0.26282226473535575,0.2637535633748883,0.24114148633115098,0.22401614530776992
487,0.33271419056463947,0.24536815542359686,-0.01995982607510155,-0.007337606489583592,0.19207833783190006,0.26471385950637377,0.26461822608403646,0.2425303099477502,0.2290958531611149
488,0.33323952382292515,0.24560267919961726,-0.02371858814122546,-0.01004918301388158,0.19930091754572124,0.26062091503267976,0.2605792540296857,0.2475759534583064,0.22659297789336802
489,0.3340369046613946,0.24612801245790297,-0.02737090448377405,-0.006515147039446306,0.19799529761168172,0.2646950433020085,0.26348345549294583,0.2461847389558233,0.2253147779986746
490,0.3313258098105986,0.2445520126830458,-0.03254094626839793,-0.012046715941702674,0.19742866102226403,0.26446952595936796,0.2639270976616231,0.24381696205066586,0.20733333333333334
491,0.33368042852184354,0.24804172647022954,-0.025420632328591097,-0.007974915247376618,0.1959270100267796,0.27070707070707073,0.26664692444369237,0.2422468987595038,0.23352103345478636
492,0.33294871434065987,0.24395163181643356,-0.02389348403951741,-0.00739922481366409,0.195926705459948,0.2569595083152567,0.26332924612067143,0.23663853727144865,0.22461844724618446
493,0.3292807624837006,0.24374525089353558,-0.02717501062003186,-0.009665103507487699,0.19278544542032622,0.26125549048316254,0.265435733512786,0.24105395232120452,0.23583617747440272
494,0.3339524761020272,0.24660644096098464,-0.03096970634180246,-0.011927201861444192,0.19697160090474994,0.2680637813211845,0.2655272330239785,0.24756444083620865,0.228515625
495,0.3307348098950272,0.242957251006107,-0.022594359333280134,-0.008520757089906073,0.20077533921090476,0.2561153705732019,0.26312422704592947,0.2450642907765516,0.22119511389897656
496,0.3299092862034353,0.24434563176014784,-0.023100377794473548,-0.004816419621928886,0.19473782888569463,0.26586323381721905,0.25986911547392866,0.2459720187888277,0.21903820816864294
497,0.3314477621741292,0.24470210789969887,-0.02836480929220231,-0.008020882226690201,0.19235334541138252,0.26592772821483285,0.2614909721341283,0.24183673469387756,0.22412093328951693
498,0.3309505717689659,0.24449572697680091,-0.019824426627517322,-0.004177711515622268,0.19991245622811404,0.2556203164029975,0.2649817948168773,0.24392914012738853,0.20596205962059622
499,0.32997495286072104,0.24504920308820907,-0.022547105916498666,-0.007037232783158348,0.19962453066332916,0.25938159464171023,0.2637571157495256,0.24463322820225863,0.22972074468085107
500,0.331560333586619,0.24479591741010703,-0.032636788171281295,-0.013264348897172873,0.19470990813243727,0.26410938790492794,0.2654226961157654,0.24378560984218223,0.2164705882352941
501,0.3331175714593946,0.24572463156314786,-0.034961637119708566,-0.014178175908485746,0.20290484761963876,0.2635431918008785,0.2604985213350232,0.2447432268499798,0.21056083961954739
502,0.3301907147346598,0.2437640127956172,-0.029024093331529388,-0.010529176327384038,0.19146014108246456,0.2597565341926244,0.2653069913991314,0.24720459353278937,0.2135018290655138
503,0.3321138096980272,0.24546196493400502,-0.03024208149074481,-0.00994958652355507,0.20030854674483184,0.2657465728047425,0.26393941957864453,0.24573050220442913,0.22678043977682966
504,0.33099747652417,0.2439141080122703,-0.03492632299940662,-0.014799203951622736,0.1988398927212624,0.2665441176470588,0.25972869860110215,0.2434441876821059,0.22312176165803108
505,0.32999371476280265,0.24538691732567847,-0.030486839682282385,-0.010729107067630944,0.19478023681110904,0.26781936907937093,0.2622489446079058,0.2425772571197738,0.23613894455577822
506,0.3333145714312517,0.2450679649902907,-0.02749967661146835,-0.009084957262598892,0.1974766179147574,0.263345521023766,0.26481027634581256,0.24028893266656565,0.21681997371879105
507,0.33175733355847614,0.24523682210902542,-0.02161377014383964,-0.008042535942296897,0.19694781134208378,0.26707625587278644,0.2617245949296738,0.24193789562876938,0.22628226617499161
508,0.3344402855561497,0.24623120291935197,-0.020946173747672325,-0.006228403471028737,0.19671219331314505,0.2617671345995045,0.26073449934039744,0.24171166170459707,0.23538908621246368
509,0.3343464760457415,0.24695353614949483,-0.02341650169237225,-0.008111723808811422,0.19860734532906088,0.26708469647400945,0.2662613723322847,0.24171422849704616,0.22430510665804784
510,0.3296090957701292,0.24438315556431112,-0.02203213441574292,-0.007720459799384877,0.1968178401403157,0.26114244133163544,0.26367968683516296,0.2406872434240535,0.22486595174262736
511,0.32956219101492507,0.24491786977363766,-0.023368795237395157,-0.008253011243326086,0.19786891339363152,0.2649345896990211,0.2608529274203835,0.2415601278465841,0.22999665215935722
512,0.329055619658721,0.24482406026322948,-0.032033077078498895,-0.012334675717386057,0.19444272541617674,0.26855612998522893,0.26340606112563764,0.24036247121257634,0.2344418834376029
513,0.3311757145939455,0.24480529836114787,-0.023137269871051525,-0.00803487020904639,0.19940309643723186,0.261854535448959,0.259359993200459,0.245136186770428,0.22725735542779846
514,0.335959999624762,0.24709425041510708,-0.020349550681184214,-0.0034814564628455613,0.20067559114224948,0.2643235004034789,0.2657402276311863,0.25221103995120464,0.22585978835978837
515,0.3355097139748028,0.2476758693796377,-0.023713429863889413,-0.00756294134920929,0.19548359079347355,0.2628931967812729,0.2670106144542648,0.24982335722216614,0.22275204359673023
516,0.33213257160010884,0.24535877447255602,-0.031225974434367865,-0.012463067767590985,0.1943716460751279,0.26524473612250477,0.2589395285853328,0.2472040888618997,0.22405105811219347
517,0.3317854764115986,0.24527434591318867,-0.027850958741565512,-0.009759807302960943,0.19715421896358892,0.2666300667947662,0.26344449134655973,0.24669031323375132,0.2168230563002681
518,0.33213257160010884,0.24485220311635195,-0.031786168530925585,-0.013672904373805833,0.1972041006523765,0.2599009900990099,0.26264301816171154,0.24206508638007232,0.22153141361256545
519,0.33130704790851695,0.24501167928404582,-0.023555223500729583,-0.00844897646232004,0.19530626036738957,0.27090892176016373,0.2628388617612393,0.24186930851596117,0.220918538384177
520,0.3285865721066802,0.24427996510286212,-0.033110959151675945,-0.014940140275684133,0.2008370776143288,0.26490857300376736,0.25935828877005346,0.2428139183055976,0.21854942233632862
521,0.3352564282967007,0.24587472677980093,-0.02596983238476458,-0.009589717992734725,0.1948857994041708,0.2592388306674021,0.2626523358158429,0.24659176029962546,0.2362955396663262
522,0.33174795260743534,0.24458015553616827,-0.024691521199379507,-0.00791398809322108,0.1954943213554273,0.26026386197988743,0.265449793440688,0.24016542263465807,0.20698924731182797
523,0.3324984286907007,0.24338877475398457,-0.029097315178057026,-0.010412062654272802,0.19728990551964196,0.261898211829436,0.25827190125150007,0.2444355524433552,0.2152994115610938
524,0.33279861912400677,0.24691601234533156,-0.02618087800665153,-0.010419774411542487,0.19676198746975995,0.26275087460872765,0.26426287445304614,0.24708023661459122,0.21821889870836167
525,0.33232957157196596,0.24597791724124993,-0.023294901937861434,-0.005427111960411873,0.19600074289605646,0.26739892929665865,0.25806451612903225,0.2502247976820861,0.22638981915606163
526,0.33055657182525167,0.24405482227788253,-0.03568278424425353,-0.012456341443085078,0.19584736251402918,0.2561886758484112,0.26320482336956524,0.2413109756097561,0.218802275008364
527,0.32546271541008825,0.24180339402808657,-0.01889450349460503,-0.007767470264766402,0.18952664927320165,0.26223648029330887,0.2576645721755999,0.2416915372552987,0.21023102310231023
528,0.3371795232600681,0.24764772652651526,-0.020146973847252225,-0.0060810285410753395,0.1981937399480391,0.2695787261262908,0.2685027285129604,0.24171884467784285,0.23074401835463781
529,0.3319918573344966,0.24586534582876013,-0.02640714509356329,-0.008427995723114146,0.1934488188976378,0.2630574984103915,0.2615286352991271,0.24844997767967858,0.22544495715227422
530,0.33256409534798637,0.24639067908704584,-0.02646549109503077,-0.010561685558353268,0.20065191500031343,0.2674206493980299,0.268757376496375,0.24254241580146874,0.22243966079582517
531,0.3324984286907007,0.24621244101727033,-0.03177632336552544,-0.011627481923844468,0.19206798866855523,0.2695723834813662,0.2654173764906303,0.24463776811159443,0.22505800464037123
532,0.3329768571937823,0.24579029822043358,-0.024183595261851765,-0.0070399883232430405,0.19852941176470587,0.265211035994884,0.26361370453297284,0.24470076389942835,0.22709163346613545
533,0.33338961903957826,0.24666272666722952,-0.02194927662200402,-0.005969631880404891,0.19614569040788324,0.2674236130342472,0.264825345247766,0.247446424994993,0.22466382420465728
534,0.33522828544357824,0.24576215536731114,-0.030553483855422114,-0.01334125282623258,0.19831380571570267,0.27288619008188425,0.2653930499325236,0.24050186435553764,0.2208486468426328
535,0.3340462856124354,0.24673777427555604,-0.029966321709922028,-0.008824269370583615,0.19747978183186007,0.2756019990913221,0.2638764452408379,0.24387310178920463,0.21636060100166946
536,0.3359787615268436,0.24629686957663768,-0.028807248420217146,-0.00891126865476094,0.20065048786589942,0.26605926743972025,0.2630775105001909,0.2443196067612981,0.23765432098765432
537,0.33293933338961906,0.24493663167571927,-0.024984407745595794,-0.011066749266733067,0.20108998575586795,0.25812707794606576,0.26277806079130583,0.2422737306843267,0.22402382528127068
538,0.3318511430688843,0.24560267919961726,-0.023145369633915003,-0.006653003908187682,0.19878283549649134,0.2714773461290025,0.2642262755316466,0.2441173525583258,0.22128662849444258
539,0.33170104785223126,0.24363267948104578,-0.02869300705631528,-0.012048312318453436,0.1978394674035925,0.2635937068727574,0.25860461173279076,0.2416696251965309,0.22334859385219097
540,0.3388868563494967,0.2481261550295969,-0.026810433919928156,-0.007280305451941804,0.20183887915936952,0.2676800444897581,0.26782003985922065,0.24253154456136852,0.2240868706811451
541,0.32976857193782305,0.24246944155198455,-0.032283942987662184,-0.010131709846750964,0.19733814291933577,0.2631578947368421,0.2604471596453269,0.2394011191208348,0.20574636723910172
542,0.33216071445323125,0.24556515539545398,-0.039752866648100516,-0.014762825652975597,0.1986611293621769,0.26631025733961583,0.26831135686941726,0.24062768050860286,0.22389033942558748
543,0.335087571177966,0.24763834557547443,-0.032629992904112115,-0.013609846465404307,0.19628047248052274,0.2710169953649005,0.2658431339368813,0.24790485271240026,0.21705940922668437
544,0.33198247638345574,0.2442049174945356,-0.03563618503391641,-0.01254085558475812,0.1966568951537454,0.2578075495609668,0.2619802828975568,0.24438031591737547,0.22925838130714526
545,0.33108190508353735,0.2448428221653111,-0.023449813886836868,-0.009090548710698004,0.1955976420418914,0.2638522427440633,0.2666836908409942,0.24149540224109342,0.22485207100591717
546,0.33084738130751695,0.2437546318445764,-0.02616148904818716,-0.00880020275125215,0.19871079707450107,0.26174558109717005,0.2568002711634607,0.2452288634875875,0.22259470331880657
547,0.3339337141999456,0.245002298333005,-0.031238506599658544,-0.013153572399085017,0.19708749845736148,0.26558660234822973,0.2647842530514011,0.24157814871016692,0.22840946982327442
548,0.33209504779594556,0.24438315556431112,-0.0245690497175039,-0.010352164072637754,0.19685382080457625,0.26801413939998187,0.2644558182817986,0.23979179300586215,0.21295994789970693
549,0.329262000581619,0.24337001285190293,-0.027987661246121953,-0.009269755988422279,0.19978699411101367,0.25709285187914516,0.2542185574021337,0.2433964173666633,0.22393048128342247
550,0.33258285725006803,0.2446645840955356,-0.02360589481314751,-0.005782236594979534,0.19373397536114065,0.2627983239205684,0.25904566619676195,0.2417104731095835,0.2241669471558398
551,0.33302376194898636,0.24526496496214786,-0.024093393529025897,-0.007739349052696437,0.19244007760185244,0.2629361663155967,0.2667763990883768,0.2447108603667137,0.2127147766323024
552,0.3294496196024353,0.24397039371851517,-0.02684987533459693,-0.012682287416144744,0.1993142144638404,0.26302107510908923,0.2630512766406415,0.2423187528378992,0.22497554613628953
553,0.33257347629902717,0.24575277441627033,-0.021658969323216204,-0.005602642115752288,0.19666916167664672,0.2591337789579709,0.2620971171017944,0.2508443817109442,0.22262773722627738
554,0.32954342911284346,0.24479591741010703,-0.01585473312547514,-0.003776287053704974,0.19703389830508475,0.27236327236327235,0.26038311578233597,0.24299716403801183,0.21543624161073827
555,0.3340462856124354,0.2468128218838826,-0.027336287826457306,-0.009920278382726133,0.1952747116457894,0.27037241887905605,0.2676489160176805,0.24321043847671067,0.22794612794612795
556,0.3348905712061089,0.24626872672351524,-0.0225053605214956,-0.003869406233831807,0.19345590526643813,0.26672089660159076,0.26855259779166313,0.24447702340629898,0.21826057980673108
557,0.3309880955731292,0.24306044146755598,-0.02456782503121513,-0.008879269145668361,0.20157115888191948,0.2575266327003242,0.25882903582673816,0.24343195860752498,0.22337575351640993
558,0.33429019033949664,0.2474507265546581,-0.027803161917227037,-0.007062465213753755,0.2010808796123742,0.2653947011483859,0.2690969275165507,0.24550747916875815,0.21182586094866795
559,0.3339993808572313,0.24651263145057645,-0.01996773928827239,-0.004617916280797774,0.1945168093288674,0.26071916249431043,0.2669660255867152,0.24538484817915868,0.2154255319148936
560,0.3363258567153538,0.24673777427555604,-0.03398292655388507,-0.012207116458249262,0.1961639058413252,0.2596599690880989,0.2618293866869275,0.25055477103086543,0.22293858160841534
561,0.333352095235415,0.24572463156314786,-0.030183337720222525,-0.010703747986693157,0.1956985201906195,0.2691849271110296,0.2610516519311308,0.2428923665274493,0.22985781990521326
562,0.3303689528044353,0.24395163181643356,-0.02738156220406407,-0.011119868129723653,0.19250510172531074,0.2718473198794631,0.2606385239977894,0.24139683830630815,0.22736418511066397
563,0.3326766667604762,0.24615615531102544,-0.03178400360293637,-0.013116980837499542,0.19647183054848127,0.2650973291081938,0.2644156062324136,0.2448649195588384,0.2195040214477212
564,0.33135395266372103,0.24457077458512744,-0.026132776455049023,-0.008799055058339306,0.20594979857452742,0.2661084819803422,0.2617343220883878,0.2420642943792964,0.22533287811539773
565,0.33368980947288435,0.24451448887888255,-0.027560328933207867,-0.006874649383379228,0.19550043624579336,0.26431516262024735,0.26220576341889074,0.23903048475762118,0.21851342050929112
566,0.33446842840927216,0.24564958395482134,-0.03202713831021148,-0.009397074787332593,0.20152423788105947,0.268140488500624,0.2625965271555954,0.24631874186116398,0.21280853902601735
567,0.3321888573063537,0.24572463156314786,-0.024242131797092448,-0.006285930027937647,0.1972342156310619,0.25939953810623556,0.2678986763648666,0.2447000904249975,0.21918259723137773
568,0.33253595249486395,0.2444300603195152,-0.03554214348714385,-0.013414781083191496,0.2032807570977918,0.2627599243856333,0.26123142250530784,0.24266880545390745,0.22508250825082507
569,0.3354909520727211,0.24685034568804584,-0.030292895371236528,-0.011303253218312465,0.20016329606833314,0.27021587998536406,0.2648455557890313,0.24746122366493203,0.21560236998025017
570,0.3342245236822109,0.24571525061210706,-0.03051927195066173,-0.011990569193540662,0.2002952755905512,0.2638136511375948,0.2611777768287996,0.24514575284732326,0.2222222222222222
571,0.3351250949821293,0.24652201240161728,-0.02475496176968367,-0.009610383240986342,0.19621321002312067,0.2645628841390698,0.26442247001893543,0.2472646599102506,0.21477607061131088
572,0.33533147590502727,0.2461936791151887,-0.02993736667265301,-0.01184769555277812,0.19561708467842065,0.26605334076758663,0.2639557164147328,0.24614228456913828,0.23681489141675285
573,0.33482490454882313,0.24579029822043358,-0.025772399368277354,-0.011948031808901999,0.20098224404986778,0.258120596577912,0.26033940917661846,0.2514137016463994,0.22868605817452356
574,0.3345059522134354,0.24597791724124993,-0.0203029625365862,-0.004667238412414343,0.19301504737135428,0.2638888888888889,0.2652948663555367,0.24559300873907616,0.23217789404839764
575,0.33454347601759865,0.2450585840392499,-0.02645493634391094,-0.009355586606951849,0.1922933266932271,0.26023418353453753,0.26529823506677547,0.24126347455502634,0.22288359788359788
576,0.33127890505539453,0.24435501271118867,-0.030606265205681438,-0.012093519683127552,0.19100637100265974,0.2685363394739254,0.26768932529815836,0.23668578971416968,0.20932642487046632
577,0.331663524048068,0.24450510792784172,-0.024211820664688077,-0.008814135634423792,0.19755626207842403,0.2619199562403136,0.26246464305315154,0.23883327404847807,0.22315653298835705
578,0.335500333023762,0.24592163153500501,-0.022206128902973743,-0.007419271705135622,0.19399436972161402,0.25876993166287016,0.26458701692346553,0.24712614828572863,0.23218467714954835
579,0.33163538119494557,0.24502106023508663,-0.03435687003061527,-0.011563305004820834,0.20023711468863098,0.2591950351373551,0.26306686353090064,0.24530324688584848,0.23165652034604292
580,0.33520952354149663,0.24627810767455605,-0.029596267545495825,-0.010148831044028306,0.1970446395449487,0.2681910757267173,0.2680957212920683,0.24621802281751018,0.22974324774924976
581,0.3365791423934558,0.24717867897447443,-0.0323376957148489,-0.011182870385046256,0.19557356608478804,0.26973326075122483,0.26323391961933895,0.24553415061295972,0.23017408123791103
582,0.332479666788619,0.24458015553616827,-0.0323718293521863,-0.010573944797872298,0.19085437736551467,0.259437386569873,0.2654934965570008,0.24782851627977853,0.22572178477690288
583,0.33471233313633336,0.24784472649837241,-0.026804022571207176,-0.009753369522270544,0.1979851073149365,0.26876535347102176,0.2666952054794521,0.2449652691019939,0.22259583053127102
584,0.3320669049428231,0.245002298333005,-0.022073058789201183,-0.00446469789975551,0.19523183780739628,0.2659603616768655,0.26496235484282615,0.24258245895878308,0.21883468834688347
585,0.33294871434065987,0.24394225086539273,-0.02414893908833854,-0.008993774956120304,0.19174516608824987,0.2654676258992806,0.25988942699181417,0.24665996986438976,0.20939130434782607
586,0.33392433324890475,0.24560267919961726,-0.024082240164306934,-0.010446866013305911,0.20124146492861578,0.2560908591317091,0.2672435952360552,0.2435111841777512,0.2357262103505843
587,0.33027514329402713,0.24402667942476008,-0.018519844519659823,-0.004329336176298576,0.19271576596140721,0.2594995366079703,0.25935225773503,0.2426926926926927,0.22600720602685884
588,0.3331550952635578,0.2439891556205968,-0.023042171967584013,-0.0058598148743682354,0.19772571925681973,0.2581055308328036,0.26608613589567603,0.23982082641300517,0.22309970384995065
589,0.33283614292817004,0.24575277441627033,-0.020733784131267252,-0.0075141091585623765,0.19918042965354527,0.26730418943533696,0.2671910682567876,0.24378983289004869,0.22088755422088754
590,0.3322639049146803,0.24656891715682136,-0.022387884580720385,-0.008167887141415087,0.19725926381122105,0.2682585579703386,0.2659107378831152,0.24274924471299095,0.20809443507588532
591,0.33111942888770063,0.24541506017880094,-0.025118033329699085,-0.010744226306107718,0.19739682931342914,0.26486339293818645,0.2679135707575369,0.24368166793796084,0.22798794777368597
592,0.333145714312517,0.24597791724124993,-0.023449181307773292,-0.006261509580229668,0.1959199141034548,0.2684638109305761,0.26309941020600053,0.2454782958199357,0.2050251256281407
593,0.3287272863722924,0.24314487002692334,-0.019906015672834954,-0.004717867742107834,0.19069218342239344,0.26200162733930027,0.2649080121227643,0.24207800121876905,0.23484343770819455
594,0.33732023752568036,0.24735691704424995,-0.027232731778735864,-0.010681234069288309,0.1971267957526546,0.2688624362301978,0.26623542429142905,0.2480859909750038,0.22128487994808566
595,0.33168228595014965,0.24597791724124993,-0.030488537850765107,-0.014770020630388625,0.19819314641744548,0.2698195735374522,0.2611616634067523,0.24700530705079607,0.214524765729585
596,0.33487180930402727,0.2465970600099438,-0.030357737130266682,-0.012446650866306391,0.1990541970008089,0.272635814889336,0.26757110857529265,0.23613694635764917,0.22958133150308854
597,0.33664480905074157,0.2473381551421683,-0.024054804119560902,-0.006827522997135987,0.20106971826606132,0.2664676076728194,0.2611108739273364,0.24198872581382358,0.21661129568106313
598,0.33446842840927216,0.24617491721310705,-0.036213593730343385,-0.013498002449894103,0.19651464590285503,0.26263455573800404,0.2646024821042823,0.24443770226537218,0.2307187397440105
599,0.3326766667604762,0.24469272694865807,-0.019748597211102337,-0.00643623953434147,0.19562515535669897,0.2621581941640668,0.26592254931197545,0.2420058877271343,0.218595450049456
600,0.33124138125123126,0.24289158434882127,-0.024994764152737603,-0.00887918246999772,0.1960686737994526,0.26004967344310553,0.2556767915069301,0.24493610142950953,0.21742089145968016
601,0.3292244767774557,0.24370772708937233,-0.026028014696260093,-0.010941120231940493,0.20311518653435498,0.2575689109805694,0.2578672442349344,0.2374642373136576,0.22896733751237217
602,0.33361476186455785,0.2458465839266785,-0.03108681246541456,-0.014359602345268507,0.1968065354623097,0.26876931467006,0.2662337662337662,0.2433944358423655,0.2106504887091338
603,0.33061285753149655,0.24473963170386215,-0.025827494561859177,-0.009036498360800144,0.19894266473661024,0.2596145062574221,0.26057708580132,0.24609571788413098,0.2104382736701238
604,0.33190742877512924,0.24411110798412744,-0.03438162547736984,-0.0123203517422531,0.19515281908498386,0.2690578845977433,0.2596866576819407,0.24358456253788643,0.22750598699965788
605,0.33412133322076193,0.24702858375782136,-0.028236952104677415,-0.0068274901500295915,0.1990737882062365,0.2655851257746992,0.26408660813229906,0.2458075007622726,0.2255346727154893
606,0.3376298089100273,0.24747886940778055,-0.024461077836123835,-0.01009387482874688,0.1983261476033477,0.27282678099060476,0.26553241916370407,0.24461190655614168,0.22256944444444443
607,0.3273389056182516,0.24362329853000497,-0.021002216344252922,-0.005002257373538238,0.19525524779530493,0.25948307921160285,0.26193897388217396,0.2391260571888844,0.22400261608894703
608,0.33276109531984355,0.24531186971735194,-0.029939730612338344,-0.011332794089758097,0.1956494717215662,0.2611810083570576,0.2652032798086778,0.24742731541612548,0.21933333333333332
609,0.33675738046323134,0.24731939324008667,-0.024755882042692523,-0.008835424255844104,0.19897423221899524,0.2665466006303467,0.26251011456070866,0.24771798880427656,0.24084124830393486
610,0.3313727145658027,0.24404544132684172,-0.0302208938910144,-0.01050488672753816,0.19760700629085975,0.26332346410066615,0.25937633489961553,0.24446985136948848,0.22605611093195743
611,0.3322826668167619,0.2443268698580662,-0.036047309234549296,-0.015281120832489836,0.19807775244901732,0.2599964298464834,0.261219107575822,0.24327195467422097,0.218802275008364
612,0.3333708571374966,0.2463719171849642,-0.027060129743486483,-0.009444816137283207,0.19921652871674986,0.26515151515151514,0.2667964122524962,0.2431750517232679,0.21767095463777927
613,0.33301438099794556,0.24470210789969887,-0.03329463162855384,-0.009561658963766595,0.19196817108044262,0.261865189289012,0.26062012233705967,0.24665189809686838,0.2259016393442623
614,0.33446842840927216,0.247150536121352,-0.03362992446555041,-0.014882446700470231,0.19882024216081962,0.2727439640135867,0.26306428389938175,0.24157106357396924,0.22295081967213115
615,0.3340556665634762,0.24679405998180096,-0.02780570131819826,-0.009656796515510463,0.194819890614195,0.2630766436614602,0.26672340425531915,0.24349526244548053,0.23407694794697703
616,0.33190742877512924,0.2449929173819642,-0.03434338977960416,-0.01521095457852345,0.2002618617120768,0.2644444444444444,0.2595014130847429,0.24374369323915238,0.2207920792079208
617,0.3313633336147619,0.24553701254233154,-0.01829557661671849,-0.0054730705105177635,0.19752776557695928,0.2602519431787724,0.26131125149393886,0.246122860020141,0.23251866938221316
618,0.3347873807446599,0.2467096314224336,-0.02960321009432909,-0.009487109124640264,0.20052359284423113,0.2703523134946187,0.2657387036723642,0.24423846426581572,0.22122421823020624
619,0.33086614320959856,0.2448803459694744,-0.023622492374356485,-0.007308131180607497,0.19290549009776886,0.2674470959027465,0.26268253566303706,0.24621574050792056,0.2119382964453387
620,0.33474047598945583,0.24743196465257647,-0.02160790308233207,-0.006171351568048572,0.19439415693863538,0.2638170432888647,0.26666948901401294,0.24916506426475052,0.2387462487495832
621,0.3309693336710476,0.24444882222159683,-0.018438544611752095,-0.004337178435187383,0.1974310776942356,0.2682342093130475,0.2658531453818641,0.23862096652782658,0.21391663796073027
622,0.33413071417180273,0.2448897269205152,-0.02763768672357303,-0.006051591456389421,0.19864755878156212,0.26482608300790117,0.262909014143973,0.24192654541790518,0.21706989247311828
623,0.3363352376663946,0.24776967889004586,-0.028795635437069533,-0.010936963393519045,0.19779060386023709,0.2720902720902721,0.2680613195561955,0.24488659376265695,0.2106158557332426
624,0.33364290471768027,0.24601544104541317,-0.029223042254310383,-0.009256292860530979,0.20153836610632095,0.2609849871841816,0.2657175738459571,0.2389469453376206,0.2145894667975139
625,0.3349093331081905,0.2458559648777193,-0.030203768672646347,-0.013613698769473381,0.1993527105246779,0.2626661875673733,0.2641654231507141,0.24232544141252008,0.23959044368600682
626,0.3295059053086802,0.2426195367686376,-0.02481195729115787,-0.007548546805338396,0.19113234123338846,0.2596074851665906,0.26151036357458374,0.24348575484132617,0.22131946701332467
627,0.33599752342892525,0.2467659171286785,-0.02806760655303525,-0.01090092414961083,0.19778177086560506,0.2735066119471044,0.26481892722924494,0.24589917231000752,0.230291135099771
628,0.333145714312517,0.24674715522659688,-0.028067324768061175,-0.010638007898258584,0.1964142194744977,0.26619165068055173,0.2648890784982935,0.24645291593032062,0.2167737571863375
629,0.3333051904802109,0.2469347742474132,-0.02348922605292486,-0.010400511754808384,0.19768599154018413,0.2709036199507614,0.26387465846994534,0.24293104314198183,0.22746365105008076
630,0.3322451430125986,0.24503982213716827,-0.03563869097004041,-0.015378931701620524,0.19599925451947567,0.2640922401171303,0.2606171060439095,0.24382314694408322,0.23553577541937692
631,0.3343370950947007,0.24794791695982138,-0.026701990622503446,-0.011826123759860446,0.20033807049395855,0.2595875542691751,0.26770713402413543,0.2473549616406759,0.21759413528823726
632,0.3333708571374966,0.24542444112984174,-0.021465218721290313,-0.008029708903055599,0.19879067447949134,0.25757852447041635,0.2637771946161009,0.24319839074679406,0.23160393353679212
633,0.3318511430688843,0.24464582219345396,-0.03316191048948991,-0.014097503848313375,0.19553072625698323,0.2657801256945077,0.2632289644695755,0.2414072386737535,0.2127946127946128
634,0.332226381110517,0.24564958395482134,-0.021972552376625154,-0.0063373587891886185,0.19815465729349738,0.2603948685287963,0.26127079541125175,0.24458688739716347,0.23043478260869565
635,0.33476861884257825,0.24524620306006623,-0.028684857078497772,-0.009727527930110641,0.2020894958776512,0.26436363636363636,0.26540043244159917,0.24122543120738066,0.22793371660466688
636,0.3328736667323333,0.24524620306006623,-0.029239578533481858,-0.012812672175327888,0.1928800150687512,0.2637962962962963,0.26426527520619425,0.24520938610096563,0.22671118530884807
637,0.33602566628204766,0.24491786977363766,-0.026405994732601634,-0.011147802105279964,0.19879630204132281,0.26512651265126513,0.26365469601407304,0.24097531667751465,0.23006756756756758
638,0.3330894286062721,0.24533063161943358,-0.029454757420946998,-0.01123731018578153,0.2018455859735466,0.26417181307032905,0.26032232002381256,0.23943019365304674,0.22787682333873582
639,0.3376298089100273,0.24844510736498465,-0.025965069658776707,-0.008438093939039215,0.19500498256103638,0.26856413063309614,0.26824910668708524,0.2505192765590962,0.22189638318670576
640,0.3339337141999456,0.2459685362902091,-0.02587065370175673,-0.010482709609215518,0.19749524218797962,0.2602889070591442,0.26664132454806555,0.24160390799918582,0.23007063572149344
641,0.33401814275931296,0.24552763159129073,-0.02600893392161535,-0.006626067767936172,0.19424908196925375,0.26892974153622135,0.2666436702311142,0.24378383797874473,0.22010342598577892
642,0.33108190508353735,0.24471148885073968,-0.02246303167432706,-0.0063758196837728764,0.19419169886576093,0.2651542649727768,0.26858422030748436,0.24238591520793282,0.22412656558998023
643,0.33149466692933327,0.2449929173819642,-0.036896719009952283,-0.014311017471406784,0.19109041716478953,0.2564669060112308,0.2646934102281401,0.2505262102836524,0.22727272727272727
644,0.3350219045206803,0.24684096473700504,-0.019406856976385722,-0.007445507336972912,0.1980185681350863,0.2601603790778203,0.26431399259290794,0.2496582451521442,0.22936085219707059
645,0.3329580952917007,0.24723496468071934,-0.027304835968011587,-0.01079680693646895,0.19801604852467303,0.26374819102749636,0.26391367150989886,0.24720789302348875,0.22538071065989848
646,0.3348061426467415,0.24707548851302544,-0.028697798525232132,-0.013701855884046349,0.19529499626587005,0.2649250298960537,0.2654818459450288,0.24582242802496476,0.2333004277722935
647,0.3342245236822109,0.2459591553391683,-0.02554169899666997,-0.009096628899825931,0.19254195152268488,0.2652313330279432,0.26431830781696447,0.24753626118158387,0.22713864306784662
648,0.33108190508353735,0.24436439366222948,-0.03279355826355629,-0.013345513949954174,0.19212158808933003,0.26244181883279627,0.2616050017129154,0.24461375447802614,0.21749099246642647
649,0.3319543335303333,0.24464582219345396,-0.03348529508653747,-0.012068865454138683,0.199365118884601,0.2635510613100118,0.2636298270101087,0.2392093586123437,0.22133333333333333
650,0.3312695241043537,0.24490848882259683,-0.02770574606612558,-0.010194518186922435,0.19868819998762452,0.26336328160450134,0.2590538753572495,0.2438189234100408,0.21791233049511194
651,0.33045338136380265,0.24492725072467847,-0.027105372427395746,-0.010208065776806857,0.1970675944333996,0.2633163079168187,0.26487792472024413,0.24364116362897903,0.2250996015936255
652,0.33388680944474153,0.24672839332451524,-0.026873003057210798,-0.0095101188462349,0.1930401339867254,0.26458752515090544,0.26622967351569393,0.24501584705040386,0.2251871135698015
653,0.329412095798272,0.2439891556205968,-0.02669571316371072,-0.011158870553135997,0.19761949744946156,0.26183459200589426,0.26199043305253356,0.24235895380298628,0.21497826813774656
654,0.3356879520445783,0.24660644096098464,-0.02837180889227875,-0.012428104117919697,0.19572617246596066,0.2668854252119223,0.2663661639565254,0.24238011549083605,0.2222222222222222
655,0.33386804754265986,0.24576215536731114,-0.02874954318944023,-0.010440135568924924,0.19888254127691632,0.2588375723074098,0.262130601576662,0.24692105794468,0.2320388349514563
656,0.3364290471768028,0.24615615531102544,-0.026072124149828124,-0.009433587655687165,0.20018685767673622,0.2711772174859423,0.26505252369971816,0.24379584045011554,0.23261231281198003
657,0.3346654283811293,0.2474413456036173,-0.030784461204011904,-0.01239979430486396,0.1976926453069158,0.2683035714285714,0.2689082747522656,0.24143129962810334,0.23441644562334218
658,0.3333802380885374,0.24520867925590295,-0.0315273166045531,-0.012886362827773612,0.20577819198508854,0.26015065221385264,0.2640779176590677,0.24129778672032193,0.21927136533878108
659,0.33454347601759865,0.24576215536731114,-0.028223266978558703,-0.010834265159421874,0.1970584569363081,0.26458023774145617,0.2631891685412334,0.24347434743474347,0.22500847170450694
660,0.33037833375547615,0.24383906040394376,-0.024480118619965907,-0.008844941801309403,0.20177562550443906,0.2647676435679722,0.2663761002031144,0.23351579370260633,0.22601794340924775
661,0.331203857447068,0.24433625080910704,-0.023147041342310548,-0.007055022629398139,0.1940419685236073,0.26753984246198936,0.26131164209456026,0.2446215139442231,0.22642784724569112
662,0.3341119522697211,0.24534939352151522,-0.027529118319215895,-0.008809493047010786,0.1957324322633127,0.26878612716763006,0.26147141758523457,0.24350796122356724,0.21050835892186967
663,0.33545342826855784,0.24686910759012748,-0.03772181550288539,-0.01679745060093288,0.19623352165725047,0.25736017897091723,0.2604072883172562,0.2497355030480125,0.2098259979529171
664,0.33208566684490476,0.24444882222159683,-0.035551083305867814,-0.015139560243287942,0.19828288525412044,0.255610635421361,0.2652223106901898,0.24164002638656315,0.21278042148198503
665,0.3325265715438231,0.24385782230602537,-0.02133093690714921,-0.006130043101633731,0.19334042686361644,0.26630936980225467,0.26048965808357954,0.23875674595242855,0.21956224350205197
666,0.3324609048865374,0.24473025075282132,-0.02966361621574576,-0.013727918892320945,0.19611184750362937,0.26088530822847833,0.26539151225343693,0.23732916435523727,0.21571152607855762
667,0.3323014287188435,0.24523682210902542,-0.023434821283969343,-0.008479957715446046,0.19203805708562843,0.2596284549161758,0.2692454026632847,0.24411037683498965,0.2278688524590164
668,0.3330988095573129,0.24549948873816826,-0.02432320867453519,-0.007931055099239415,0.194149431712316,0.2629357798165138,0.26491828202204487,0.2422943045956717,0.23423728813559322
669,0.32929952438578225,0.24448634602576008,-0.024959181358119586,-0.009153542488902877,0.19998765508301958,0.2609774021679221,0.26188479919510355,0.24359365466748018,0.2184873949579832
670,0.3313633336147619,0.2450679649902907,-0.021894816652948734,-0.008500200992878515,0.1969602977667494,0.263096098265896,0.2662033088862357,0.24065385197517783,0.21287779237844942
671,0.33168228595014965,0.24350134616647437,-0.03223081077568707,-0.011936395843086672,0.19111551073439337,0.2642645424231197,0.2638498046957033,0.24096991649059263,0.23117921385742837
672,0.33388680944474153,0.24561206015065806,-0.025944907151518093,-0.007321039047373218,0.19908720858517331,0.26227852749472136,0.2617878608312876,0.24617411573933312,0.2213972325345933
673,0.3359693805758028,0.24628748862559685,-0.031152448709381664,-0.008520071357040915,0.19095101582949023,0.26696461145567313,0.2681961351834511,0.24573963900373097,0.2214941022280472
674,0.33409319036763946,0.24560267919961726,-0.029773763729698532,-0.010082008588532199,0.19534005037783375,0.2670147476412934,0.2659982306104394,0.23823914576407776,0.2086899275839368
675,0.33152280978245574,0.24413925083724988,-0.03290417891668512,-0.013280637677456186,0.19593631914761817,0.2629738682370261,0.2650780886274178,0.24169713970846066,0.21479791395045633
676,0.3324984286907007,0.2438015365997805,-0.020443881020661525,-0.007235710929259037,0.19923038728897716,0.2666544151428834,0.2557161854918279,0.24347341207482132,0.22758848825669864
677,0.33452471411551704,0.2457340125141887,-0.028899585542719763,-0.010123305932092957,0.19982682911744698,0.2725568942436412,0.2656873567122357,0.24177697553148816,0.21149268956137368
678,0.33329580952917004,0.24520867925590295,-0.024757514381199552,-0.006307295785765166,0.1992963056044232,0.26671511627906974,0.25919817305252474,0.24617868132976845,0.21458535011293967
679,0.33429019033949664,0.2463625362339234,-0.02514210788450555,-0.00998284375120817,0.1969678140922083,0.26849739987227444,0.2654365096044723,0.24553093964858672,0.21656260269470917
680,0.3350406664227619,0.24640944098912748,-0.033223336923020874,-0.011954539922341106,0.20022462095214325,0.2655226496909309,0.266342082980525,0.2428972994679249,0.22084450402144773
681,0.3339524761020272,0.2456214411016989,-0.030196997686192828,-0.009738084242151723,0.19620015048908954,0.2643438914027149,0.2658569500674764,0.24509407242565243,0.2142622412093329
682,0.3350781902269252,0.24524620306006623,-0.0283001506842247,-0.008016493740562874,0.1987344151368962,0.26589755422242733,0.2600543017138978,0.23972877950778504,0.21678783873099802
683,0.33329580952917004,0.2476758693796377,-0.030938334867581962,-0.008524071540663508,0.19948463327257873,0.2663799414348463,0.2673947878890107,0.24402345511953089,0.22460262612301313
684,0.33174795260743534,0.24471148885073968,-0.025083078722484886,-0.012355749598045362,0.1920434673994504,0.2568657663373516,0.2652801358234295,0.24572778447929233,0.23597415844950698
685,0.33186052401992516,0.24559329824857645,-0.02596888947034065,-0.011280666505428583,0.20013708019191226,0.26948110649068885,0.26566924474874265,0.24263370332996972,0.2033112582781457
686,0.3320762858938639,0.24545258398296418,-0.025773258074765437,-0.00737989010347731,0.19517433046993432,0.263990380168347,0.26389824797843664,0.24050506562858712,0.2178975382568197
687,0.33323952382292515,0.24635315528288257,-0.027457139601033076,-0.012936665188683805,0.19661037993543581,0.26449475427940367,0.2627054040318482,0.248728408118044,0.22659297789336802
688,0.33107252413249655,0.24481467931218867,-0.032479312391921755,-0.011967989443659621,0.1972102870664425,0.27205208142306986,0.2618806448890014,0.24208030669895075,0.21691902567478605
689,0.3309693336710476,0.24561206015065806,-0.02443243364177733,-0.008996223411364357,0.19927445584188141,0.2604308699209163,0.26375608119443045,0.24425272773407763,0.21574748525841136
690,0.3333051904802109,0.2467659171286785,-0.022248778825057103,-0.011783551834215422,0.20070600100857286,0.2652930987327924,0.2657084711269397,0.24270191778078212,0.23291307232913072
691,0.334627904576966,0.246484488597454,-0.02246338507734441,-0.008879207024998087,0.1979547567400062,0.26764057331863284,0.26314440695340197,0.24488075759829442,0.23164599396580624
692,0.3318136192647211,0.2440360603758009,-0.02384653194908465,-0.009553635996301463,0.19018065626152145,0.2727356237369098,0.25972858427158696,0.24557522123893805,0.22851498189002306
693,0.3299186671544761,0.24373586994249477,-0.030262347103101106,-0.013203473010713562,0.20293368139722792,0.2604934899389966,0.25808093662509546,0.24231773448483632,0.22535678725522734
694,0.33282676197712924,0.2447771555080254,-0.023917470783043515,-0.006517089709503182,0.19892874937717986,0.25592111326145056,0.26333615580016934,0.24158883197750328,0.23492379058979457
695,0.3378643326860477,0.24797605981294385,-0.021894537248290935,-0.008417933198973993,0.20364931575329626,0.2577188521612786,0.2658627008139089,0.24609911054637865,0.21904127829560585
696,0.332123190649068,0.24567772680794378,-0.02026218186191675,-0.006445942211541461,0.2017593465284323,0.25917410098408905,0.2654375552468746,0.24413264018573663,0.21096345514950166
697,0.33436523794782314,0.24590286963292338,-0.025620362409150832,-0.009178878863519452,0.19546829659813544,0.26802421574023116,0.2633203653585927,0.24096931835356944,0.22718120805369127
698,0.3339806189551497,0.2480042026660663,-0.02497236793524299,-0.008813142538655283,0.20282397238782554,0.264023387538827,0.2708139633167103,0.24916742355434454,0.21191604603926878
699,0.3381457612172722,0.2493175358117806,-0.028491748312639897,-0.007738551908159114,0.20710317708008238,0.26708412741628096,0.2710510663607783,0.24000202747224897,0.22294744074201306
700,0.3351250949821293,0.24555577444441318,-0.030977355871847856,-0.011918586097522194,0.19925326695706286,0.26727688787185355,0.26314891438809024,0.24225680539362296,0.22159468438538207
701,0.33278923817296596,0.24459891743824988,-0.02319968408243428,-0.007506234166488879,0.19577182887165373,0.25808796801163214,0.26316233903314334,0.2415774871185097,0.2323300642543118
702,0.33089428606272103,0.24553701254233154,-0.028540726864475674,-0.01081587862919775,0.19657692547941782,0.26328110931028276,0.2637521222410866,0.2453125,0.22784380305602717
703,0.33175733355847614,0.24461767934033152,-0.02688281176946411,-0.010085154309341399,0.19486573843858776,0.25513332713927345,0.2638640429338104,0.24577984433437786,0.23210702341137124
704,0.3305190480210884,0.2422724415801274,-0.04048690817024281,-0.016542860747445237,0.19326482604927572,0.2596162673276416,0.2600651962236992,0.23770491803278687,0.21982758620689655
705,0.3339430951509864,0.24497415547988255,-0.02346652785996456,-0.007177880671670689,0.19718660525333,0.2619989214452633,0.26064793360576316,0.24331811419483917,0.21476510067114093
706,0.3335772380603946,0.2456871077589846,-0.030105793294385896,-0.012119913801445448,0.20322219457576512,0.2590971272229822,0.26539296200161694,0.242726855861823,0.22327150084317032
707,0.3331926190677211,0.24446758412367847,-0.026433992774235138,-0.012337758490960138,0.1997251202598863,0.2547840349917988,0.2614540349683073,0.24246547727043644,0.2214046822742475
708,0.33402752371035377,0.24664396476514788,-0.02368608558358498,-0.006340926967278643,0.20452267602104734,0.268709052320753,0.2568717970437508,0.2427525328518407,0.23076923076923078
709,0.3320481430407415,0.24655953620578056,-0.027650085447814554,-0.010310158287813315,0.20047301923196614,0.26277236903106166,0.26884507521033396,0.24543466096953048,0.21302931596091204
710,0.3341119522697211,0.24493663167571927,-0.030470701722869198,-0.0118001793991942,0.1938484435073794,0.26798477675670657,0.2621825669183253,0.24368033439490447,0.22653399668325042
711,0.3346185236259252,0.24532125066839275,-0.032258287648190664,-0.012723991121058625,0.20135269297592454,0.26267450404114623,0.2660538746329631,0.2427598821258002,0.2132669983416252
712,0.3293839529451496,0.2430698224185968,-0.019789248753321997,-0.007879829167723534,0.20300751879699247,0.26012715712988194,0.25849697073862415,0.23885254151987922,0.23324396782841822
713,0.3296466195742924,0.24334186999878046,-0.030714685091049965,-0.011032591719076612,0.19656835118041205,0.26101201310520566,0.2612547689699025,0.24312875081950677,0.196
714,0.3351157140310885,0.24684096473700504,-0.02737122184248625,-0.011037905239669271,0.19662288930581615,0.25967506389193135,0.2665985699693565,0.24884815705128205,0.21861684693543101
715,0.33388680944474153,0.246484488597454,-0.029417488927915014,-0.009544683180222613,0.19843523250678277,0.26292053756651934,0.2641082557841714,0.24546370967741934,0.2275347575449305
716,0.33151342883141494,0.24519929830486215,-0.026856230036546025,-0.008039764599548943,0.19296826384567517,0.26539258992157216,0.2636923730613979,0.23935575652880806,0.2197505898213684
717,0.3340462856124354,0.24622182196831116,-0.03571491863852938,-0.015508016609725589,0.20183543513547259,0.26315307896422363,0.265610278372591,0.24551524815626868,0.21536905965621841
718,0.33339899999061906,0.24530248876631114,-0.020190806477777545,-0.0018055594772265204,0.1999251916962783,0.26080612803209924,0.26610917734952033,0.24261275272161742,0.22581721147431622
719,0.32997495286072104,0.2436420604320866,-0.028552301970378224,-0.011905507457281805,0.19350625116626236,0.26930838378279215,0.2653677627940613,0.24108042733319895,0.2189430336307481
720,0.3317291907053537,0.24359515567688253,-0.02975894986547395,-0.009770541292237811,0.19882455920970363,0.2686125992979863,0.25633743111487917,0.24310701144210897,0.22981366459627328
721,0.33175733355847614,0.24593101248604585,-0.027815770572624576,-0.008089718735114299,0.1975915768236555,0.2645143538475649,0.2634479250561655,0.2411561041698028,0.21526615333110144
722,0.3318511430688843,0.24594977438812746,-0.030539868781029267,-0.01252908234775868,0.19332630403771012,0.2670517051705171,0.26275911973779426,0.2431578947368421,0.2242464392182842
723,0.32907438156080265,0.24274148913216823,-0.029351201260203907,-0.009750054389883855,0.19503021334319892,0.25465053277948346,0.26217484008528785,0.24091406950114508,0.21868787276341947
724,0.33061285753149655,0.24516177450069887,-0.02441903982741711,-0.00926809437674686,0.1976657096492323,0.26720573371313056,0.2619463001574401,0.2423506802205027,0.22906739278420693
725,0.33208566684490476,0.24525558401110706,-0.018804008098434855,-0.00704849804517757,0.19409889354253923,0.26949582879941963,0.2639986404962189,0.23745299573828027,0.2181454302868579
726,0.3342339046332517,0.2465970600099438,-0.03364643389066618,-0.010277873062178172,0.19893981914561895,0.27051454138702463,0.2628224195810139,0.24781973080606948,0.21186150154268082
727,0.3317760954605578,0.24594977438812746,-0.020592976867960855,-0.009911097572382066,0.19658436977909782,0.2646552505209749,0.266064471938011,0.24210790464240903,0.21946375372393248
728,0.3301438099794557,0.2444300603195152,-0.025353472409679834,-0.009308954948937909,0.19982471516213848,0.2675319992788895,0.26313332767546466,0.24179707218576477,0.21052631578947367
729,0.33278923817296596,0.24657829810786216,-0.029310357736483383,-0.01163894735033913,0.19818685469654998,0.2662754447093343,0.2669505818856468,0.24188124278472117,0.22983462706716165
730,0.33053780992317,0.24423306034765804,-0.029389002422040567,-0.010983938900030132,0.19644852849869615,0.2593953873012956,0.2668705142905678,0.2409754127328722,0.2198100407055631
731,0.3326579048583945,0.24394225086539273,-0.03097683781215843,-0.01155837559566486,0.19239219132508945,0.2682143512571114,0.2596243336999746,0.24607043374452844,0.22637144745538665
732,0.3342151427311701,0.24578091726939277,-0.020137552334517805,-0.0063770989357103125,0.19759246553982412,0.26499724821133736,0.26501466400306034,0.24217338952438291,0.21705163043478262
733,0.3357067139466599,0.2469347742474132,-0.013190370516111383,-0.0030328691809569652,0.20194090740511805,0.26655537006121316,0.2655343301283409,0.24274924471299095,0.2200557103064067
734,0.32959971481908834,0.24461767934033152,-0.022233736646825708,-0.008666187795598024,0.19924953095684803,0.26490857300376736,0.2623123186272448,0.24338544038043203,0.2325886990801577
735,0.3318417621178435,0.24338877475398457,-0.035583025132642554,-0.013772007876475839,0.19655086539658823,0.25621046842057016,0.26081836914924933,0.24600060368246301,0.2320385012031626
736,0.3333051904802109,0.24708486946406627,-0.025253506102018985,-0.011045688599888137,0.2,0.26816160118606375,0.2612738261273826,0.2456386605173451,0.23955525606469003
737,0.33730147562359875,0.24867963114100508,-0.026536157390857074,-0.00961156209085759,0.2019926975679188,0.26362297496318116,0.26843657817109146,0.24727128398491766,0.21550591327201052
738,0.3354252854154354,0.24773215508588262,-0.015447016305860706,-0.004871283113860925,0.19322536778340957,0.26634958382877527,0.2702009405728944,0.24175380108097186,0.21900161030595813
739,0.3343464760457415,0.24594039343708665,-0.023434164631784493,-0.010980072734792762,0.19348611284095155,0.2714468629961588,0.2647869408522366,0.24599929325054268,0.2111801242236025
740,0.33217009540427206,0.24532125066839275,-0.030868034757628837,-0.011686943420473106,0.19518314099347717,0.2637473606903516,0.26926468735564607,0.2425715008858517,0.23317788141239174
741,0.33583804726123134,0.2471036313661479,-0.039456871181243136,-0.014948322114927082,0.20144063586686536,0.26916058394160586,0.2654153218957024,0.24211638082784287,0.22481895984200131
742,0.33756414225274156,0.24821058358896425,-0.023621725527025628,-0.00963283751035754,0.20304790456561114,0.2619047619047619,0.2660119375185201,0.24626111560226355,0.2206896551724138
743,0.3341119522697211,0.24639067908704584,-0.029041509146526145,-0.00875980945468613,0.20378111936107818,0.2574983749651778,0.26690964570266146,0.241849197537095,0.22414921465968587
744,0.33537838066023135,0.24731939324008667,-0.027533073945636755,-0.009030793924048902,0.1986099151187108,0.2682837192208747,0.26773988561745393,0.24492805206691412,0.2338815789473684
745,0.3344027617519864,0.24649386954849484,-0.030075575199387083,-0.009036820941282664,0.19413036762434352,0.265466508270127,0.2670828555654648,0.24448725097581994,0.22498343273691188
746,0.32997495286072104,0.24490848882259683,-0.027953419161775073,-0.007367550788874716,0.19044355843508598,0.2626639941690962,0.2669989775051125,0.2471621008021795,0.23316749585406302
747,0.3294308577003537,0.24516177450069887,-0.017237105363216043,-0.0044006960874543866,0.19770043505282783,0.2609749277658682,0.26493604846852914,0.24120854384473012,0.215257048092869
748,0.32933704818994547,0.24264767962176007,-0.0255476335892173,-0.010613324467271035,0.191129883843717,0.2713000367242012,0.2620329926635851,0.23826138969195493,0.22107369123041012
749,0.33260161915214964,0.24575277441627033,-0.024628555134218577,-0.008666326274551883,0.2009191975653686,0.2640664961636829,0.26534296028880866,0.24171588747622386,0.21346801346801347
750,0.33082861940543534,0.24442067936847436,-0.029224878831782708,-0.01373449509274724,0.20276729559748427,0.2654422514619883,0.262176608937353,0.24263310358605533,0.22533817222038932
751,0.3334271428437415,0.24730063133800503,-0.02625667593938369,-0.009211780802238417,0.2015984139768292,0.2666305623251196,0.26414611248613123,0.2433104848946433,0.21110372340425532
752,0.33491871405923135,0.24542444112984174,-0.02861861088808887,-0.01101218290373221,0.19219725343320848,0.26468455402465557,0.2612015863640199,0.2442709389576151,0.21029159519725557
753,0.3324046191802925,0.24588410773084174,-0.026026295134766342,-0.009572304188683212,0.19865298671870082,0.2585152040909506,0.2653545978961656,0.24871406959152798,0.22287968441814596
754,0.3331175714593946,0.24531186971735194,-0.030866666127274123,-0.01007129411924651,0.19812183669735958,0.2650525933986217,0.26521720558711714,0.24113292896062508,0.2307434695244474
755,0.3348999521571497,0.2462593457724744,-0.03304948079835279,-0.013757384446008408,0.19848363434629845,0.27035471420694723,0.26317791774104915,0.24824521537140837,0.2236004022795843
756,0.32932766723890466,0.24333248904773966,-0.025249773539666676,-0.009184005477457458,0.20103737032870891,0.2561937970269774,0.26341316851231866,0.23862618218018916,0.2281786941580756
757,0.3353127140029456,0.24645634574433156,-0.024187061229677675,-0.006062469227172823,0.19441494346223528,0.2618939325025016,0.2679746889200323,0.24364677609040242,0.2369774919614148
758,0.33219823825739453,0.24510548879445399,-0.02609091981124939,-0.00840383004867365,0.20033575825405708,0.25653097018369797,0.26542300080010106,0.24241646563670893,0.21571238348868177
759,0.3294496196024353,0.24370772708937233,-0.024734882500924593,-0.0071289046302795145,0.19682991765215777,0.26338310269482884,0.2584389536124269,0.24526018555869303,0.21154466301193164
760,0.3339806189551497,0.24553701254233154,-0.026448531706558864,-0.00914463185826242,0.1979375,0.26152441807393884,0.26315120711562895,0.24340442737288992,0.22614601018675723
761,0.33004061951800673,0.24434563176014784,-0.014549061330240254,-0.005246718820553858,0.19929938696359314,0.25833024805627547,0.2609779806432526,0.24605236857885268,0.2138466515690715
762,0.3341776189270068,0.24601544104541317,-0.022019919511130304,-0.006572388318179884,0.19709118030952824,0.26743870442413825,0.2639604719512715,0.2440065014221861,0.22764227642276422
763,0.3313445717126802,0.24588410773084174,-0.021016960431916143,-0.0017862962431329232,0.19663834041489628,0.26403269754768394,0.26433134492532895,0.25343157044812276,0.2120401337792642
764,0.3313727145658027,0.2446645840955356,-0.024586321440541292,-0.007515747409531454,0.20426143464133967,0.2591383219954648,0.26605388004066416,0.2425185780277164,0.21933085501858737
765,0.33518138068837416,0.2459591553391683,-0.03340347936172061,-0.01404268284593177,0.1942889137737962,0.25880313811348293,0.26554008152173914,0.25089964014394245,0.2224091520861373
766,0.3335959999624762,0.2460342029474948,-0.03179158946046862,-0.013118501475435473,0.19514432485322897,0.27193389657413425,0.2675058672925112,0.2454726368159204,0.22298624754420432
767,0.3317760954605578,0.24486158406739275,-0.01785232656480673,-0.0017603213924712868,0.19683579506828996,0.2669169489973446,0.2577811562988302,0.2436460140859447,0.21100032164683177
768,0.3329768571937823,0.24407358417996416,-0.024235263691891717,-0.008728474095753613,0.1989930774071743,0.2653656757249681,0.26309941020600053,0.23970374818595808,0.20392156862745098
769,0.33475923789153744,0.24555577444441318,-0.030377960228866463,-0.011653146024563549,0.19343792802888807,0.2657877754217756,0.2612559241706161,0.24883885298869143,0.2217012726054923
770,0.333145714312517,0.24611863150686217,-0.02678158973789241,-0.0071890739428075445,0.19836698525223115,0.2648653533345382,0.26577340569877883,0.2455361596009975,0.22037760416666666
771,0.33067852418878224,0.24571525061210706,-0.026859327656603482,-0.010990993481076183,0.19633912559520128,0.2655200956497747,0.2616526764246847,0.24862547288776796,0.22498343273691188
772,0.3339993808572313,0.2467659171286785,-0.029074646125394954,-0.009972551034344135,0.199987651271919,0.26801883375588553,0.26363753600137557,0.24696396575751542,0.21151902997642305
773,0.3325078096417415,0.2455182506402499,-0.021748737105279137,-0.007067180380061017,0.19636544067481237,0.264825345247766,0.26015217577156535,0.24514831573655102,0.2200472494093824
774,0.3335209523541497,0.24501167928404582,-0.019222467908750984,-0.005930363275712336,0.1970649895178197,0.27024551117625506,0.26382924444066497,0.24052037111738606,0.2227133628017681
775,0.3357629996529048,0.24685034568804584,-0.029592553066464966,-0.01166632856911487,0.20060733763014377,0.2631917041387538,0.2683226134055518,0.24429967426710097,0.21984630805212163
776,0.33174795260743534,0.24518991735382134,-0.024379015439814022,-0.009432413590947486,0.19789526122423562,0.2677556177240321,0.26214785003177293,0.24116225198912278,0.21891891891891893
777,0.3331926190677211,0.24680344093284176,-0.02799353831625706,-0.0075815691044675,0.20134646552798902,0.2615053377590383,0.26292259218257685,0.24228325579068488,0.2488433575677462
778,0.3355847615831293,0.2456214411016989,-0.023239209966369134,-0.007152622668449793,0.19696875582334306,0.26526489762188965,0.2645282055645367,0.24381466486729644,0.2170439414114514
779,0.3322545239636394,0.24348258426439273,-0.025001932565147045,-0.008298086719126213,0.1925193895421566,0.2623507805325987,0.2625653226834346,0.24662570507655115,0.210387902695595
780,0.3354252854154354,0.24748825035882138,-0.029038747709703938,-0.0073716865248280306,0.19951055368614254,0.2626723901726185,0.2656444616243611,0.24500578674583606,0.21780867262495862
781,0.33363352376663946,0.24788225030253566,-0.019239250250896067,-0.006021421366049162,0.1974716652136007,0.26436887821105154,0.2650128893208807,0.24787449392712552,0.2265438416922552
782,0.3345622379196803,0.24651263145057645,-0.025662626616081874,-0.008386123000488549,0.19321991804296534,0.26800108685807444,0.2658731839552713,0.2496838484495928,0.21490352628077178
783,0.33554723777896606,0.24762896462443362,-0.022684518692385858,-0.005188452355413098,0.19743188224240527,0.26521619388598183,0.2660170107278711,0.24470211915233905,0.2219931271477663
784,0.33554723777896606,0.24649386954849484,-0.027530153240875432,-0.009888429951660921,0.2024029574861368,0.26184768578277706,0.263681592039801,0.23992138681717395,0.22039584032203957
785,0.3346372855280068,0.24537753637463766,-0.027570684120258704,-0.00832687023308376,0.2031702100893194,0.26146499684656277,0.26092134927049215,0.24396244414319426,0.21127673363577446
786,0.3312226193491496,0.2449929173819642,-0.029142059059431014,-0.008919102333704937,0.1937855201383741,0.25492689129052765,0.2648020033105556,0.24613904501493747,0.22432701894317048
787,0.33256409534798637,0.24634377433184176,-0.02864038848040057,-0.012739111553458582,0.20081047381546135,0.2653375623017671,0.2654837058522436,0.24229948911264323,0.22738054896645205
788,0.3313258098105986,0.2448803459694744,-0.024227381149484917,-0.009185157089823953,0.19882566056593165,0.2692968962084879,0.2616594707818578,0.24166456494325347,0.21615359152598476
789,0.333502190452068,0.24564020300378053,-0.03270505511091232,-0.01058213063796215,0.196036489462095,0.2607782243332116,0.2621651407256697,0.247891142799759,0.22285714285714286
790,0.33344590474582314,0.2456871077589846,-0.027585505715582048,-0.013304873449020621,0.19209180491455657,0.2647617325255448,0.26346095999312447,0.2445273631840796,0.2097594035920027
791,0.33105376223041494,0.24468334599761724,-0.027558259191743262,-0.009236182695721906,0.19825599501712862,0.2640218878248974,0.2606910708176531,0.24285642796376922,0.2312902133423637
792,0.336110094841415,0.2468128218838826,-0.02791424760274841,-0.008904280482883248,0.1974278983892532,0.2624715002279982,0.26299473416001357,0.24487643158529235,0.24483098129307515
793,0.3333051904802109,0.24624058387039277,-0.027197869555236176,-0.009640862497172609,0.20129749768303984,0.26786688488816146,0.26530525959749707,0.24761327473859676,0.21297225008358409
794,0.32891490539310875,0.2450679649902907,-0.023232750534266655,-0.005436372011204338,0.19292223193109476,0.2695029108822212,0.2611835676961638,0.24535895758917342,0.24136775058665771
795,0.32828638167337404,0.24307920336963762,-0.025340807345097527,-0.008664625805499426,0.1961656537810914,0.2602111060119321,0.25898310796579466,0.2427169886875563,0.22590463307406156
796,0.3305753337273333,0.24519929830486215,-0.02776269709223178,-0.009004223461630823,0.1965188096574958,0.2668011368845695,0.2648793110762313,0.24216150821655408,0.2369826435246996
797,0.3368887137778028,0.24769463128171934,-0.029062558371687808,-0.008364214696532313,0.19573703451267116,0.2625350076791038,0.27097679163478705,0.24438639674486362,0.22056878306878308
798,0.33368042852184354,0.24786348840045405,-0.027081601187732285,-0.011455718429179362,0.1964240426071519,0.26265389876880985,0.2685489997467713,0.246812978053292,0.22903334456045807
799,0.33153219073349655,0.24452386982992336,-0.02143968417793013,-0.00736927621451261,0.19451371571072318,0.2651302059704201,0.2629038404539103,0.24201005025125627,0.2351559879235156
800,0.32955281006388426,0.24480529836114787,-0.02176077958704603,-0.009788082217220329,0.19878509886567905,0.26583203874623046,0.2626794664854303,0.24225563909774436,0.21504660452729693
801,0.33216071445323125,0.24458953648720907,-0.027234370526504403,-0.013011043138979217,0.19711687186784632,0.26215008662350686,0.2672151519047007,0.242795461391706,0.20770519262981574
802,0.33175733355847614,0.24593101248604585,-0.024955340201977594,-0.00832291841643129,0.1972776194998417,0.26223487283077773,0.2673296285463586,0.24453794292086986,0.2188715953307393
803,0.334271428437415,0.2471599170723928,-0.03432815282617324,-0.012172264784933079,0.20385640771281544,0.2675141759648802,0.266456343792633,0.24391963341557985,0.218970736629667
804,0.3342151427311701,0.24753515511402546,-0.030410477146187387,-0.01174986381663884,0.19248884481903816,0.2704828090709583,0.2636560417639319,0.2486235288174976,0.22489155822489157
805,0.3305096670700476,0.24318239383108659,-0.030789596772937522,-0.012633630040096128,0.19325077399380805,0.26148538224078444,0.25878634639696585,0.24874435594338187,0.22787837376153058
806,0.3344402855561497,0.24479591741010703,-0.02903996612344978,-0.011825639925987924,0.20185150434728216,0.2682289319513294,0.26061047757866757,0.2441123188405797,0.2135018290655138
807,0.334271428437415,0.2451805364027805,-0.023125240897936494,-0.006053703636725943,0.19363477827603387,0.2670750662887446,0.26538007753244564,0.24249886917625774,0.23529411764705882
808,0.3357442377508232,0.24743196465257647,-0.02587299399340398,-0.009406534100560582,0.1976981622424355,0.2627415730337079,0.2697963558413719,0.24544179523141654,0.2125748502994012
809,0.3330331429000272,0.24556515539545398,-0.030403982459627277,-0.0100399917748841,0.19552304133058213,0.2642595978062157,0.2639512236429842,0.24874068103969374,0.2136613790870832
810,0.3292150958264149,0.24371710804041313,-0.032643672314149885,-0.013675836615394399,0.19379021678015868,0.2608894164916446,0.2578971982483738,0.24425770308123249,0.23659098387627508
811,0.334627904576966,0.246484488597454,-0.019332512872553664,-0.005433245853977808,0.20188258607877135,0.2578564940962761,0.26637239505963245,0.24369790351098763,0.2134684537430533
812,0.33262038105423125,0.24367020328520905,-0.020674362233343013,-0.006390601813441227,0.19465625193726366,0.26060062752129093,0.2668000170234498,0.24489170412750305,0.22154471544715448
813,0.33146652407621086,0.24493663167571927,-0.027163670309900856,-0.008634664966622407,0.19728607720428776,0.2659155445635248,0.26286272677061645,0.24272380570052188,0.23120425815036594
814,0.3307066670419047,0.24451448887888255,-0.021806811295799755,-0.004727763333405854,0.20290302655960468,0.2653284671532847,0.2573425374094242,0.23991099423485385,0.22168284789644013
815,0.33284552387921085,0.2447208698017805,-0.02513498172961126,-0.007051217995065334,0.19720660033372475,0.2642362713428703,0.26243259436788496,0.24125821502031808,0.23110661268556004
816,0.3281456674077618,0.24371710804041313,-0.02946863960390239,-0.012865395742280683,0.1930867868425943,0.25832272148444607,0.26349845731916355,0.2408953722334004,0.2185560274420124
817,0.3335959999624762,0.24457077458512744,-0.02131644127016552,-0.00576063865847512,0.19587176108915239,0.2629569012547736,0.26168861611899585,0.2441098494322445,0.22536136662286466
818,0.3291775720222516,0.24316363192900498,-0.022675900023318207,-0.006902744350278822,0.19594091360476662,0.25986270022883295,0.2612016727831356,0.24553886480491985,0.22301458670988655
819,0.332686047711517,0.24453325078096416,-0.02827602363450299,-0.009595198424746987,0.19244861205986463,0.2730916208407121,0.261884869245551,0.2461249174162728,0.22782667569397427
820,0.3307535717971088,0.24489910787155603,-0.014734326255394503,-0.002435637847730182,0.19931357254290172,0.26093321134492226,0.2627549929435915,0.24673570463755065,0.22059313562145952
821,0.3297873338399047,0.24401729847371925,-0.01709918509306957,-0.006072792508385383,0.1963419186263531,0.2591264367816092,0.2598997280761387,0.2454061652776383,0.21679946879150067
822,0.32929952438578225,0.24384844135498457,-0.03096136283267692,-0.012588922212539988,0.19462877175410043,0.26190910750136887,0.2624553647338888,0.24254979284181102,0.21344931415189025
823,0.33194495257929246,0.24553701254233154,-0.030133382522855245,-0.009487628565827882,0.18718412678604854,0.27217962760131437,0.2612066774002203,0.24579547166022392,0.24151830702049043
824,0.3325078096417415,0.2451711554517397,-0.03157750200740128,-0.011565265505114136,0.19839492347891005,0.2659227000544366,0.26224429165605634,0.2415866599292572,0.2273032952252858
825,0.334627904576966,0.24698167900261728,-0.03131949507877557,-0.011666078092405358,0.20251040825203503,0.26334850032500695,0.2649525816649104,0.24720012162367608,0.2240365774003919
826,0.3324609048865374,0.24475839360594376,-0.025925776865309613,-0.007502076992264434,0.20020082841722103,0.2592864349261671,0.26293890374899165,0.24296906388107672,0.22251832111925382
827,0.333352095235415,0.2457340125141887,-0.02161129218114416,-0.004374334549600123,0.1983595266420387,0.266311828943746,0.26547886072199417,0.24890234670704012,0.2223360655737705
828,0.3335303333051905,0.24605296484957645,-0.02395531386807359,-0.004168118601331483,0.1996527777777778,0.26972544011675637,0.26588599965558807,0.2415454139146844,0.21933574482078264
829,0.3332582857250068,0.24559329824857645,-0.027550037164843555,-0.010714734801721498,0.1968355622527783,0.2631054775916704,0.26036258404970636,0.24606458123107972,0.23084447342680142
830,0.3374140470360885,0.24564958395482134,-0.026658897371407364,-0.01052695086551797,0.19171435680517543,0.2728028064992615,0.2665706051873199,0.24483953593491034,0.22996401701014066
831,0.33217009540427206,0.24533063161943358,-0.03181092760423376,-0.010743288897580666,0.19874647445941712,0.260909678014577,0.2653130719788873,0.2478156071105755,0.20281321557082108
832,0.33509695212900686,0.2467096314224336,-0.03206954863737782,-0.011565971683059895,0.19954128440366972,0.2711636656812685,0.26379616327220484,0.24331158650685278,0.2231686541737649
833,0.3280800007504761,0.24308858432067842,-0.026943224366718865,-0.007319055248206918,0.19785324210658464,0.2584554168927473,0.25813687730139245,0.24773337385402422,0.22370617696160267
834,0.3352751901987824,0.24719744087655607,-0.03173808183934418,-0.011191519224257013,0.201987163663293,0.2663358147229115,0.26621742653644387,0.24626452684006642,0.22111222111222112
835,0.33260161915214964,0.24501167928404582,-0.029532036396857753,-0.010870204551338053,0.19618715344838328,0.2689737251670786,0.2582171633201177,0.24352435243524354,0.21560236998025017
836,0.33366166661976193,0.24583720297563766,-0.02182635731419119,-0.006712503074546378,0.19810260891274498,0.25945995591476856,0.26555195215431915,0.2431299252374217,0.2331002331002331
837,0.334271428437415,0.24622182196831116,-0.02903879225323025,-0.010966390306583251,0.19749626307922272,0.27103232916972814,0.2638287025235789,0.2439122357784807,0.2162606978275181
838,0.33368042852184354,0.24598729819229073,-0.021593477164377706,-0.006388978246253674,0.19784932869219293,0.26642302421196895,0.2639149735359399,0.24765234765234764,0.2215168727029736
839,0.33243276203341493,0.24456139363408663,-0.02325840304292548,-0.007102859461853822,0.19669971138160372,0.2628293399430827,0.26377451396553186,0.23960672755402507,0.218593802065978
840,0.33321138096980274,0.24601544104541317,-0.030330368548510955,-0.007904364922218049,0.1916887600961835,0.2661962796664529,0.26339702760084927,0.24023408192867504,0.2227536727024257
841,0.33209504779594556,0.24440191746639275,-0.02814371250445319,-0.009129445940087383,0.19667398807656103,0.26421404682274247,0.26519827513316985,0.24593885581676925,0.22248641304347827
842,0.33497499976547623,0.24622182196831116,-0.02071618278556392,-0.00685481614794789,0.19788138202869987,0.2702254947077773,0.26390663599965924,0.24175602879726124,0.2167737571863375
843,0.33307066670419044,0.24598729819229073,-0.028875461950246317,-0.00931196080944327,0.19337666357164965,0.26659402524289477,0.264679620732174,0.2439513099233582,0.2249158249158249
844,0.32947776245555777,0.24384844135498457,-0.027653620664181644,-0.010178189632311152,0.19600499375780275,0.25857898037810234,0.2596014647023759,0.24474331309278868,0.23490813648293962
845,0.33279861912400677,0.2438109175508213,-0.02546019112960568,-0.007002604375989541,0.19500895669899315,0.2589973710452362,0.25905447687625904,0.24424312971304216,0.20588235294117646
846,0.3335303333051905,0.2457340125141887,-0.025128352609197935,-0.0076657335892040546,0.1990845247052922,0.26148409893992935,0.2655020725826918,0.2405089162536406,0.21952021031876437
847,0.3318886668730476,0.24486158406739275,-0.021451932578348543,-0.0068074156868706825,0.192,0.2673840311058866,0.2650191734128675,0.24660587639311043,0.22105597964376592
848,0.33454347601759865,0.24502106023508663,-0.03550552979516103,-0.011422360059975684,0.1951067282486581,0.2581778859151122,0.2618620925072538,0.24492979719188768,0.21988150098749176
849,0.3349093331081905,0.24652201240161728,-0.038705636548200306,-0.017217109972951977,0.19923033247113747,0.2660842660842661,0.26230975828111014,0.24792188282423636,0.22116689280868385
850,0.3331269524104354,0.2457433934652295,-0.02659815587465697,-0.009287685946553853,0.1932037025532708,0.26964867801521186,0.26730663509113206,0.24413904607922393,0.22233104799216455
851,0.33407442846555785,0.24622182196831116,-0.02517051146702448,-0.00922022782438811,0.19856591285162714,0.2604862657757981,0.26848565196937946,0.24662570507655115,0.23768877216021012
852,0.3331081905083537,0.24649386954849484,-0.02508281516056632,-0.009939677009343728,0.20010042681395931,0.27108874656907594,0.2636668061950607,0.24123669743279366,0.21886063727067911
853,0.33454347601759865,0.24497415547988255,-0.03258825529746334,-0.01175504828543067,0.1964142194744977,0.25981818181818184,0.26022082960310355,0.24669846849108712,0.23038892551087672
854,0.33629771386223134,0.2481261550295969,-0.029310822181556173,-0.010547906377828181,0.19954705586311022,0.26838745489869553,0.2655162229441796,0.25185296474358976,0.22593450215018193
855,0.33471233313633336,0.24544320303192338,-0.025893760606186145,-0.008069471175090215,0.19163411868464156,0.26461621233859395,0.26126970600766936,0.2436140490919976,0.21800791556728233
856,0.3301907147346598,0.24415801273933152,-0.029995345330170398,-0.01255662378431946,0.1944635811360932,0.25864924549135077,0.26335440621154904,0.24530770391989132,0.2202439828552588
857,0.33209504779594556,0.24413925083724988,-0.024115135965584178,-0.008307225808598412,0.19232907170650362,0.2596619460941069,0.2647771214889729,0.2424501711294544,0.22362309223623092
858,0.3339712380041089,0.24557453634649481,-0.018993661808999363,-0.008082979220460335,0.19370205394704282,0.26046553590761456,0.26330126840895546,0.2502263809236342,0.2158604804211912
859,0.33709509470070076,0.246587679058903,-0.031870559901540696,-0.013467676765160114,0.1982941103225003,0.27074235807860264,0.26728520589730553,0.24194117943802654,0.22848761408083443
860,0.33448719031135377,0.24624058387039277,-0.030305732563839727,-0.012860471731239942,0.1982268839358182,0.2621412300683371,0.2624246028374819,0.24931673246279987,0.22956691631390427
861,0.33004061951800673,0.24537753637463766,-0.023302267058587234,-0.0056002716330487146,0.20025959577229743,0.2656408366350318,0.25932246778735385,0.2444790202770528,0.2387328543435663
862,0.3341776189270068,0.2459122505839642,-0.032524817234395265,-0.01260261350904579,0.19834455494471553,0.2606774668630339,0.2611899216599619,0.24698521620667035,0.22665369649805447
863,0.33539714256231296,0.24826686929520914,-0.02727510064380717,-0.00963442661310715,0.19534273941815458,0.2648480978012955,0.26896317665026304,0.24388394662353416,0.22858087992060866
864,0.3344402855561497,0.24546196493400502,-0.03008511586064677,-0.013041484763995081,0.2005349256702121,0.26757848356893704,0.26313103389614256,0.24510344136652806,0.2208486468426328
865,0.33772361842043547,0.24825748834416833,-0.029272202908073974,-0.009558168802198924,0.20122490213410785,0.2682350803887728,0.2647778058858251,0.24799156457119903,0.22559366754617413
866,0.3301250480773741,0.24458953648720907,-0.03291651090118908,-0.014064161373940343,0.19263065547061034,0.26875978270877454,0.26870474658085275,0.2422419892853533,0.21793193717277487
867,0.3335772380603946,0.24553701254233154,-0.03339833605575265,-0.013100926487308262,0.20069982504373907,0.26365054602184085,0.2613035318205085,0.24286496986601583,0.22706422018348624
868,0.3288210958827006,0.24397039371851517,-0.02588453393945045,-0.0071232023975020264,0.2016848673946958,0.25498225498225496,0.2611030602676669,0.2432486597524926,0.21089108910891088
869,0.33210442874698637,0.24530248876631114,-0.023609007874457133,-0.004039731682110276,0.20151618716212016,0.26012715712988194,0.2654425452699272,0.24583480142950623,0.23868852459016393
870,0.33232957157196596,0.24516177450069887,-0.029568088596575837,-0.011247662110193318,0.19267015706806281,0.2653318903318903,0.26001459791335707,0.2425164637796847,0.22564612326043737
871,0.331663524048068,0.24448634602576008,-0.029958115272009922,-0.010619530910551483,0.1983542127241464,0.2682681768359518,0.26482179938127726,0.2441004437273094,0.2176529588766299
872,0.3327517143688027,0.24527434591318867,-0.028883303724114184,-0.011073903864854073,0.19870250231696016,0.263909224011713,0.25950546193581164,0.2484744566039639,0.2320675105485232
873,0.3320387620897007,0.2446645840955356,-0.02652861851436833,-0.008581134761114606,0.19104141937902167,0.26125235827868115,0.26324699509057053,0.23976139154844855,0.22945990180032733
874,0.3305284289721292,0.24542444112984174,-0.029713869278949145,-0.01103579488730394,0.19727765459472776,0.2669902912621359,0.26339833340383234,0.23997597236822346,0.22195785180149558
875,0.3309693336710476,0.24570586966106625,-0.03162042877671867,-0.0123500211764061,0.19837226640159045,0.26313368295151346,0.2649576289230507,0.2442366354953243,0.23133578841647137
876,0.33174795260743534,0.24516177450069887,-0.031135537096440402,-0.010134107860789526,0.1955996281375891,0.2673194162202106,0.2679981421272643,0.24274733449045377,0.20402010050251257
877,0.3331269524104354,0.24564958395482134,-0.03129275773918383,-0.012469510646836407,0.19503725217830534,0.2638838802740714,0.26558265582655827,0.24332209869711757,0.2197192295135488
878,0.33536899970919054,0.2481918216868826,-0.029058827905973972,-0.007878641396814823,0.20418326693227093,0.26577367205542723,0.2641167292202589,0.24731346309813462,0.23230974632843793
879,0.3340462856124354,0.24482406026322948,-0.02329432127529002,-0.007736149087194971,0.19534083225766796,0.26814516129032256,0.26346235644406635,0.24646821392532794,0.21559191530317612
880,0.3346185236259252,0.2449553935778009,-0.029234769431963625,-0.011575999252831842,0.2010492786209481,0.25974144209759653,0.25912954341605093,0.24400059621404083,0.22556645248562732
881,0.3341776189270068,0.24542444112984174,-0.032036071570716584,-0.012021791175497315,0.1989719157472417,0.2584745762711864,0.26662690128243366,0.2427612463680994,0.22918032786885245
882,0.333352095235415,0.24480529836114787,-0.031028131128331304,-0.01223466884497268,0.1988322256040748,0.2586683880486905,0.26537216828478966,0.23891539040923926,0.22871125611745513
883,0.3358849520164354,0.24626872672351524,-0.022812202781035795,-0.008586041528663102,0.2044600505143843,0.26448107560548856,0.26706989819823657,0.24548535586018513,0.2300194931773879
884,0.3333708571374966,0.2469347742474132,-0.02578015689895602,-0.010719662546728459,0.19626050947421259,0.26148538224078444,0.26595789562502636,0.24783240615446298,0.21095334685598377
885,0.33128828600643534,0.24333248904773966,-0.03520149837767911,-0.015770504240958327,0.1981705445392596,0.2653953488372093,0.26031746031746034,0.24151967435549526,0.19933333333333333
886,0.33356785710935377,0.24654077430369892,-0.024627990865795313,-0.007914294203225675,0.20315700686829738,0.26981804882508914,0.26375807745913754,0.24139520590043023,0.22192513368983957
887,0.33321138096980274,0.24567772680794378,-0.029947726181542123,-0.009194488458636269,0.2019170530008771,0.26312425819410207,0.26138279932546377,0.24212389380530974,0.22335526315789472
888,0.332020000187619,0.24365144138312742,-0.02023003606794782,-0.005122558745995515,0.19787699032157352,0.2660909090909091,0.2598512221041445,0.24437266579186434,0.21393361813999343
889,0.3348811902550681,0.2464188219401683,-0.028890402480081567,-0.009936499828319817,0.1978110314123176,0.270098535776775,0.26090672136050935,0.24885810369924208,0.22054886211512717
890,0.3349093331081905,0.2468128218838826,-0.02217657658180161,-0.00689511253479233,0.1993836090320146,0.267344881312437,0.26515344724985124,0.2441015430562469,0.22592348284960423
891,0.3321138096980272,0.24525558401110706,-0.02944767598160658,-0.010305199238029805,0.19589749984412994,0.26823360545438235,0.2627910929797722,0.23911732180556952,0.2307950352230795
892,0.32936519104306794,0.24339815570502538,-0.028281094992545386,-0.010157733741934877,0.19593034142687724,0.27544964849812836,0.25804275414259814,0.23948203758754472,0.20871327254305977
893,0.33799566600061914,0.24675653617763768,-0.021485110639269445,-0.008332081411440373,0.19322734101151728,0.2622965976331361,0.26377902795990016,0.24934316895715442,0.22785643727362528
894,0.33302376194898636,0.24638129813600504,-0.022841905252612538,-0.007860785215080102,0.19874502982107356,0.25756756756756755,0.26507612486178445,0.243209128546905,0.23064195896757114
895,0.3348061426467415,0.2472255837296785,-0.02689463024407507,-0.010536751318055593,0.20375351892399124,0.26899139666849714,0.2628903105537432,0.24490412199909406,0.22444955635885638
896,0.3292244767774557,0.24396101276747437,-0.023420581983955746,-0.006134918246906401,0.19869727047146402,0.2660525103638876,0.2576121288692356,0.24409370161330604,0.22641509433962265
897,0.32907438156080265,0.24412986988620908,-0.020237595979610723,-0.008000983690249902,0.19520228699272885,0.26049802444178993,0.2590374151094613,0.246751269035533,0.21784163047109922
898,0.3322170001594762,0.24600606009437237,-0.01946269510036297,-0.004231104771634353,0.19694120596715559,0.26658033484414023,0.2661320953787719,0.24171816431972445,0.2278688524590164
899,0.33214195255114964,0.24571525061210706,-0.027735376298856362,-0.008375651376224785,0.20031084861672366,0.26407678244972577,0.2600220825547817,0.24662687465516375,0.2243460764587525
900,0.33497499976547623,0.24673777427555604,-0.022154187873928866,-0.00500243921542784,0.1996791311859805,0.2656708211143695,0.2649179774807068,0.2501144281137161,0.2265546218487395
901,0.33082861940543534,0.24461767934033152,-0.023574491130992525,-0.008653267578494273,0.19893141153081512,0.2578904034397585,0.2640328243306121,0.24250012520659087,0.22796747967479675
902,0.3328736667323333,0.24413925083724988,-0.03069118684826283,-0.010360451879219773,0.2000879783824546,0.2600372241425153,0.2570770804911323,0.2453576255067821,0.22689356022689355
903,0.3312226193491496,0.24609986960478053,-0.023169397987339635,-0.0089448037862076,0.1986305633364457,0.26191984076721253,0.26535218465207394,0.24353891704722236,0.2311950504721589
904,0.33298623814482314,0.24447696507471928,-0.026880110381902245,-0.013846605216055574,0.19637292783248161,0.26560044374595543,0.2614543926019336,0.24103726082578047,0.2113688337144724
905,0.32850214354731283,0.24355763187271925,-0.03139806520784971,-0.012554298989749357,0.19774082208973956,0.2676134781397939,0.2651434869229791,0.2415228731942215,0.2162423461166613
906,0.33733899942776197,0.24876405970037244,-0.027580126388517867,-0.011521140637998722,0.2013067061143984,0.2708923189332359,0.2648229713704896,0.2494061757719715,0.23282694848084545
907,0.3311757145939455,0.24514301259861726,-0.024549148030012236,-0.010172623216117949,0.1935625,0.26024939445590745,0.265721020287903,0.25007618080243776,0.23878152636750738
908,0.3337179523260068,0.24565896490586214,-0.024478230408138846,-0.005513306181751665,0.1982449635397355,0.2613595056343148,0.26608576211529383,0.24781195298824707,0.20946866485013624
909,0.32804247694631283,0.24370772708937233,-0.01569453029418555,-0.0033713800762667223,0.20013623134559416,0.2651733432475137,0.2607048124289504,0.23911738216751727,0.21931855772411513
910,0.3348155235977823,0.24657829810786216,-0.02517420539144488,-0.00953687647571172,0.20516047828823158,0.256858306926211,0.2673955419950843,0.24451002951328096,0.2217782217782218
911,0.332479666788619,0.24461767934033152,-0.0293130562611284,-0.009035604614821863,0.19858722358722358,0.26584249084249084,0.2630832079122769,0.24335347432024168,0.21264924169086802
912,0.3315697145376598,0.24435501271118867,-0.033443444191739,-0.01242339309066351,0.19855820023615686,0.2610635585503551,0.26067330408369893,0.2414855987872663,0.22188552188552188
913,0.3325171905927823,0.2454056792277601,-0.0317409584931686,-0.012189180083629403,0.19868698129567694,0.25661784772127716,0.26433228893217037,0.24424823410696267,0.22650439486139284
914,0.3370481899454967,0.24772277413484178,-0.03138453838957517,-0.012049851242564746,0.19998763600395647,0.26217843459222767,0.26980103915853504,0.24711304700162073,0.22937625754527163
915,0.32760157224739445,0.2427977748384131,-0.026778786554357337,-0.009114960550549556,0.19378405151064884,0.26097605224963716,0.2621264294520257,0.24367643375907838,0.2277941658472632
916,0.329055619658721,0.24339815570502538,-0.02157190556076749,-0.009620045690587387,0.19448119448119447,0.2700091157702826,0.2569297278969229,0.24559465836638386,0.22036214554151007
917,0.3342808093884558,0.246024821996454,-0.029107465235824914,-0.011892702692906904,0.1984126984126984,0.2698645184913951,0.266156462585034,0.24171500630517023,0.22639627659574468
918,0.3326297620052721,0.24594039343708665,-0.03018731684293846,-0.012195950289452057,0.19604704143833507,0.26256475506679994,0.26499248765829575,0.24584884774076682,0.22166666666666668
919,0.33361476186455785,0.2462499648214336,-0.024662318529359073,-0.009538060269648985,0.1990191818238252,0.2658376137694872,0.26169057116184335,0.2468313210760984,0.2193591014205484
920,0.33340838094165987,0.24587472677980093,-0.031012685446613397,-0.008369525714471165,0.19373005443964708,0.25920471281296026,0.2634456452638271,0.25053661458593324,0.23766964581264483
921,0.33472171408737417,0.24611863150686217,-0.032775781476082455,-0.01311931872402236,0.1998134908299658,0.26706367384333485,0.2637436478938306,0.24618879353861686,0.2208486468426328
922,0.3313351907616394,0.24497415547988255,-0.029804664247019164,-0.009542472828772602,0.1954108527131783,0.2586378888183549,0.2648309544861269,0.24697842827273192,0.20650351994636273
923,0.33345528569686395,0.24567772680794378,-0.026868575848751908,-0.010187227105279112,0.2005189028910304,0.2631049309303815,0.26385958990802466,0.24353556695844653,0.21217159960093115
924,0.3325171905927823,0.24628748862559685,-0.02889067292164288,-0.010381031719555484,0.19752698970625157,0.26472491909385115,0.2669354838709677,0.24592391304347827,0.2167058034216706
925,0.3300969052242516,0.2449929173819642,-0.02414830775253468,-0.008468055568814609,0.19814471243042672,0.2622830379281844,0.26453102946837176,0.24539783964704093,0.2141192141192141
926,0.33190742877512924,0.2434638223623111,-0.031548004107658234,-0.010711140323078155,0.19322796276628976,0.2586367013372957,0.26393136255521576,0.24008056394763344,0.23469721767594107
927,0.33232957157196596,0.2461373934089438,-0.026805668197767085,-0.01100200231149237,0.20107979157511457,0.2651141961486789,0.2624292816732385,0.24564040889957908,0.22082767978290366
928,0.3318323811668027,0.24533063161943358,-0.028490920527361963,-0.011644540708462409,0.18946389835760769,0.2648648648648649,0.2628729752770673,0.24996238527508902,0.22181331549013047
929,0.32915881012017,0.24373586994249477,-0.018373919356394652,-0.00466274681700124,0.19748396338045712,0.2552598453515555,0.26235129757419245,0.24433722701879126,0.20863309352517986
930,0.33629771386223134,0.24671901237347443,-0.022554309467270273,-0.006511547099986692,0.198414679815254,0.2661955241460542,0.26321371001951305,0.24801636808223965,0.21968190854870775
931,0.3365040947851293,0.24620306006622952,-0.029564245974175785,-0.010323637567756755,0.19681420386576842,0.26367664345781716,0.263987259544864,0.24582059123343528,0.22402382528127068
932,0.3375078565464967,0.24643758384224992,-0.02954820773314981,-0.009978490172215804,0.2003819145004312,0.2705893035503496,0.26070534312269233,0.2436105476673428,0.22181818181818183
933,0.3317948573626394,0.24606234580061725,-0.033400494100463585,-0.012277197523341471,0.1974442495615134,0.26518491856384413,0.2646198210423646,0.24424078525641027,0.2348048624440179
934,0.33562228538729255,0.24656891715682136,-0.026369312586614402,-0.008709971221151608,0.19253216190775024,0.26992968678659485,0.2641485438127941,0.25012594458438286,0.2074966532797858
935,0.3347873807446599,0.2460811077026989,-0.024065817162132686,-0.007496927209136306,0.19764883384673415,0.2641132691958613,0.2660275361094687,0.24349049964813513,0.22327558025498528
936,0.3338023808853742,0.2460342029474948,-0.031997774055272266,-0.012558778155102285,0.1970675944333996,0.2617690327326223,0.26676583085422867,0.24309060922584838,0.2115835286240375
937,0.32977795288886386,0.24240377489469883,-0.024920263228680073,-0.006862729478752938,0.1911976460276717,0.26653379235368724,0.2553155226042865,0.2372779283348389,0.2215548882215549
938,0.3345809998217619,0.24656891715682136,-0.02241113877351547,-0.007576360993672426,0.1978883479800215,0.2613037951697839,0.267401588106099,0.24377134820172794,0.2141891891891892
939,0.3303126670981904,0.2441017270330866,-0.03338930989533906,-0.01465389167271261,0.19676599962827582,0.2625754527162978,0.26227412205932493,0.24109826295145434,0.2221855397821063
940,0.33328642857812923,0.24691601234533156,-0.025122087408501026,-0.010499476493134957,0.1940915065406522,0.2722836095764273,0.26574786505453624,0.24620675703014364,0.22295732715845187
941,0.3355097139748028,0.24697229805157647,-0.024835766743818488,-0.005220168119103613,0.19560128141941843,0.26404704125443346,0.2679282025230717,0.24620412267471092,0.2247263361236317
942,0.3329580952917007,0.2468222028349234,-0.02899505275534703,-0.009593284196173002,0.19623321730482346,0.27292340884573896,0.2621454467903604,0.2498725660108064,0.22646566164154103
943,0.32826761977129243,0.24327620334149477,-0.020709950514418707,-0.006262655447005244,0.1947565543071161,0.2600219659527732,0.2648024212455774,0.24301928485335475,0.19927774130006565
944,0.3349093331081905,0.2460811077026989,-0.04080784616317101,-0.0193216008214889,0.19382609765096545,0.2675730669626341,0.2640238704177323,0.25187588724396676,0.22384510869565216
945,0.32976857193782305,0.24440191746639275,-0.01845578682711141,-0.004885228576419098,0.1961579242811701,0.2629882092851879,0.26388829764590693,0.24725553974385037,0.23227703364913427
946,0.33473109503841497,0.24821058358896425,-0.02227066876243511,-0.009780489735354753,0.19514018691588786,0.26741022850924917,0.26657668297621057,0.250075157831446,0.23100407055630937
947,0.33451533316447624,0.2448897269205152,-0.031818962455556155,-0.0115884595159437,0.20324451023932888,0.26666666666666666,0.26105575577697687,0.2454477425791968,0.2160958904109589
948,0.3340462856124354,0.24556515539545398,-0.02668042930923803,-0.008854469874232967,0.19549150036954915,0.2657747242813234,0.26410863863271006,0.24643129286258572,0.22850372376438727
949,0.33217009540427206,0.24434563176014784,-0.035353759147716934,-0.01626464508483516,0.19890048798566928,0.26356024754277396,0.2598315789473684,0.2391895978228001,0.2325503355704698
950,0.33926209439112937,0.24845448831602548,-0.03616227164810376,-0.014082175739786734,0.20181761203384518,0.27116317378969523,0.26472570995196765,0.24391721352852094,0.2216252518468771
951,0.3306503813356598,0.24436439366222948,-0.021700610847164126,-0.0033031988937494428,0.1954835481045915,0.260532250789355,0.26712153518123666,0.24345974447373758,0.22280130293159608
952,0.3300312385669659,0.2434638223623111,-0.033052613830709676,-0.012033309498160893,0.19594511064408457,0.26686725018234864,0.2636767505817643,0.2366648092801783,0.22421823020625417
953,0.3359318567716395,0.24700044090469891,-0.025241884164509065,-0.010672266592424345,0.1963367206122193,0.26664211398582083,0.26393011619031465,0.2472962147005808,0.22980132450331126
954,0.33061285753149655,0.24555577444441318,-0.022234752531794577,-0.005840948323299705,0.19677297365435523,0.26400655916917193,0.26552848318462596,0.24543133229860312,0.22027161311692614
955,0.3290368577566394,0.2435857747258417,-0.03573752204280417,-0.01518831406454546,0.1984102146836077,0.25932295438088343,0.2607670880651382,0.23975049046732733,0.21840242669362994
956,0.3295715719659659,0.24296663195714782,-0.027331043355450058,-0.007720339360277717,0.1948278005719259,0.268714364539268,0.2613660664642231,0.24075853350189633,0.21074120603015076
957,0.33414009512284354,0.24567772680794378,-0.025321269933720802,-0.011239145963004626,0.19514028056112223,0.26530426056016787,0.26214209968186636,0.24880964441292674,0.2107190412782956
958,0.3272544770588842,0.2423850129926172,-0.030024424500767255,-0.012004904933984595,0.18831087824351297,0.2616490717145977,0.2644455790996511,0.24032925967074034,0.22357189757058438
959,0.33612885674349663,0.2476758693796377,-0.029526937853255664,-0.009973802702978402,0.20106051154086088,0.26435018050541514,0.2702323803050257,0.245882472549817,0.20994475138121546
960,0.3354721901706395,0.24578091726939277,-0.02665419865175367,-0.009928784411287278,0.1979948333128306,0.2636951964269438,0.26347587625332075,0.24289866897853027,0.20994113799869196
961,0.3339337141999456,0.24712239326822955,-0.02963510019009863,-0.009509887337386835,0.20202082816761716,0.26441695470256504,0.26555277553962936,0.2462701612903226,0.22304832713754646
962,0.33255471439694556,0.2455088696892091,-0.031038489832973803,-0.013637298491445154,0.1974904190876499,0.2702430999817218,0.2639755507449382,0.24149916880761674,0.22946458264050548
963,0.3303689528044353,0.24412986988620908,-0.027906057944003693,-0.009279093597407612,0.18921592876576798,0.2665032234631799,0.26722055020982577,0.23924799110527115,0.22123893805309736
964,0.33515323783525175,0.24720682182759687,-0.027522121916040032,-0.009655177311739926,0.19771534424205,0.26715799170888993,0.2681112687561804,0.2430958575145087,0.22125084061869535
965,0.3352751901987824,0.24586534582876013,-0.032288909783767195,-0.01346020541761539,0.19820441988950277,0.2643171806167401,0.26092490453966904,0.24352537654719889,0.22019262703420792
966,0.3298060957419863,0.2440923460820458,-0.030840428700349087,-0.010356133779596405,0.1992651561543172,0.25987449243263194,0.26218814858740314,0.2447165210323105,0.226321036889332
967,0.3309505717689659,0.24549010778712746,-0.02726183190668452,-0.011680632742510633,0.19465053931043083,0.2610387260224394,0.2639443514105372,0.24555678280951904,0.22080107707842478
968,0.3304909051679659,0.2448428221653111,-0.021066012898370512,-0.0033280713973687925,0.19889571313356907,0.26041856232939037,0.26478585995921144,0.24391227627930426,0.20906968989663222
969,0.3261662867381495,0.2421692511186784,-0.026713311528042072,-0.007266756068381869,0.195431315805677,0.25646824678849284,0.25614952955571496,0.24121768056045562,0.22715404699738903
970,0.3318417621178435,0.24406420322892336,-0.029298268753572942,-0.007847816503658123,0.19073705179282868,0.2571170356981473,0.265290421848955,0.24057705983947983,0.21535893155258765
971,0.3322357620615578,0.24430810795598457,-0.02031854409743361,-0.0032121447602131425,0.18619954875908748,0.2642524202223019,0.26843771389459276,0.24517035475939586,0.21669980119284293
972,0.3317948573626394,0.24509610784341315,-0.023900206757161035,-0.008003857363615474,0.2010585305105853,0.2586459286367795,0.2657481983891479,0.2441667921119976,0.22082340932289896
973,0.33387742849370067,0.24582782202459685,-0.026336266690681176,-0.010911468220610121,0.19136071807018637,0.26829711791981087,0.2613410140200771,0.2455572675911659,0.2336065573770492
974,0.3344309046051089,0.24719744087655607,-0.022892260396263908,-0.007888531506326929,0.19869727047146402,0.2698819438089137,0.2685943436048966,0.24409013177748717,0.2301639344262295
975,0.33163538119494557,0.24480529836114787,-0.021272624370870297,-0.0059536495657440125,0.19387944358578052,0.26006726661212615,0.2628394957272189,0.24474853564936377,0.21966666666666668
976,0.3363352376663946,0.24689725044324995,-0.02769137973711172,-0.010399028497944385,0.20064404260589547,0.2632785982937345,0.2638174943710438,0.2437268819354194,0.23463875759621877
977,0.32817381026088427,0.24266644152384167,-0.028021807841628443,-0.010103374242352053,0.19569812259107297,0.2533796127146511,0.25809447422854487,0.2463064157053228,0.21697171381031613
978,0.33431833319261905,0.2471130123171887,-0.03357775452701456,-0.015519400502837871,0.1956521739130435,0.2668510834485938,0.2681125588896906,0.24825788339098612,0.21988150098749176
979,0.3299186671544761,0.24534939352151522,-0.019262569621582126,-0.004799817208002377,0.1918141041614752,0.26056208670095515,0.26253225601759805,0.2429864024667644,0.22585924713584288
980,0.33232957157196596,0.2460342029474948,-0.025336713097753927,-0.008554286529869087,0.19325885011298016,0.26881426881426884,0.25962855186579936,0.24630809502642367,0.2356227407163983
981,0.3287179054212516,0.24299477481027026,-0.03300134018935097,-0.010662826959037308,0.19588209525001565,0.26211981566820275,0.26014299615010367,0.24246657353821593,0.21428571428571427
982,0.3345809998217619,0.24753515511402546,-0.02937034716400444,-0.006674738224849236,0.20549811157203887,0.2690401908607084,0.2639807830081335,0.2427725178471976,0.2459125792459126
983,0.33239523822925165,0.24342629855814782,-0.020905854909825605,-0.00520839489336028,0.19871874611270057,0.26053154944856266,0.2640220619431481,0.24209835403413107,0.2210953346855984
984,0.3331363333614762,0.244542631732005,-0.024315937967759105,-0.008843755761917704,0.19258477207800273,0.26237668567291156,0.2586848110895106,0.24656084656084656,0.23008849557522124
985,0.3313351907616394,0.24388596515914784,-0.031836476921089096,-0.013824327049890589,0.20234622307740052,0.26190254355725334,0.26050880296520934,0.2396802913800081,0.20804933463161313
986,0.3360913329393334,0.24645634574433156,-0.025479588266494435,-0.009385925069217121,0.19443069306930694,0.26416312972873224,0.2624131503135062,0.24600735553428385,0.23360378634212306
987,0.3346748093321701,0.2467096314224336,-0.028212336866903276,-0.011208428244362273,0.2033327092304812,0.2626723901726185,0.264289948344483,0.24809885931558937,0.23589394969408567
988,0.3354628092195987,0.24783534554733158,-0.03276689197564714,-0.012918232080727649,0.1984087518647439,0.26682027649769585,0.26641302050306487,0.24952005658280288,0.22053872053872053
989,0.32801433409319036,0.24341691760710701,-0.029551796662275864,-0.009348827832997508,0.20144020037570445,0.2562437105479828,0.26248631348437634,0.24223224694611992,0.21005154639175258
990,0.33107252413249655,0.2465970600099438,-0.022837541693124297,-0.0055704094196932785,0.20483920367534456,0.26305202523543936,0.26291019552475076,0.24303491359766236,0.22389525368248772
991,0.33426204748637417,0.247150536121352,-0.02770088100802709,-0.008871901919549702,0.19934578851355603,0.2639957073868718,0.26199966078697423,0.24279233870967742,0.2305118768819003
992,0.3346654283811293,0.2460717267516581,-0.022901540726484093,-0.006514423554900811,0.1945223862388679,0.2665619513997967,0.2652566175844753,0.25079397086252964,0.23094688221709006
993,0.3305940956294149,0.24468334599761724,-0.029251423601753646,-0.009472641033377083,0.1991662518666003,0.2621085214857975,0.2620890976012184,0.2427477840451249,0.22377158034528552
994,0.3335303333051905,0.24561206015065806,-0.02967294682005228,-0.013466371155621604,0.19722429673885986,0.2633587786259542,0.26427385362115213,0.24732908662286202,0.2321309285237141
995,0.3333239523822925,0.24597791724124993,-0.025419863860441982,-0.007986013975920692,0.19879630204132281,0.26043590690801627,0.26738282069573244,0.2444812362030905,0.23818770226537217
996,0.33015319093049655,0.24457077458512744,-0.027281919280165934,-0.010299182674559065,0.19579763617034582,0.26646845674997677,0.26139651918641227,0.24443100493901823,0.23161891612012428
997,0.3303126670981904,0.24422367939661724,-0.029860854364890277,-0.008717534632125046,0.19140454687013392,0.2640424193403433,0.26370182126217706,0.2444522366377799,0.21477607061131088
998,0.33362414281559866,0.24666272666722952,-0.033988863953887005,-0.01314997727304515,0.2006528299562727,0.2691924227318046,0.26247112175921966,0.24399056556430973,0.22825724758413862
999,0.3297404290847006,0.2442049174945356,-0.03503088983215663,-0.01341270000180364,0.19502536814750648,0.2637232589895312,0.2654718330598679,0.24142299701008463,0.22378307742567788
1000,0.33407442846555785,0.24601544104541317,-0.02510429172169365,-0.007459968015078006,0.2015692135251261,0.26365969930326366,0.2653337851575737,0.2431119126340046,0.2263056092843327
